job title,salary,Min Salary,Max Salary,skills
Accountant,0,0,0,[nan]
Operations Analyst,0,0,0,"['Logistics', 'Microsoft Excel', 'ERP systems', 'SAP Warehouse Management', ""Bachelor's degree""]"
Assembly Coordinator,0,0,0,[nan]
Business Analyst,0,0,0,"['Microsoft Access', 'Analysis skills', 'SAP', 'Computer skills', 'ERP systems', ""Bachelor's degree"", 'Sage', 'SQL', 'System design', 'DevOps', 'Communication skills', ""Bachelor's degree"", 'Microsoft Dynamics GP', 'Azure', 'Microsoft Excel', 'Microsoft Powerpoint', 'Product development', 'Project management', 'Analysis skills', 'Agile', 'Six Sigma', 'Business analysis']"
Business Analyst,0,0,0,"['SAP', ""Bachelor's degree""]"
Business Analyst,0,0,0,"['Sage', 'Power BI', 'Azure', 'SQL', 'Microsoft Excel', ""Bachelor's degree"", ""Master's degree""]"
Business Analyst,0,0,0,"['Requirements gathering', 'CSS', 'Azure', 'SQL', 'ERP systems', ""Bachelor's degree""]"
Business Analyst,0,0,0,"['Project management', 'Analysis skills', 'Microsoft Excel', 'SharePoint', 'Communication skills', ""Bachelor's degree""]"
Accountant,0,0,0,"['ERP systems', ""Bachelor's degree""]"
Data Analyst,0,0,0,"['Accounting', 'Power BI', 'Manufacturing', 'SQL', 'Microsoft Excel', ""Bachelor's degree"", 'Writing skills', 'Analysis skills', 'SQL', 'Technical writing', 'Statistical software']"
Business Analyst,0,0,0,"['Power BI', 'Data modeling', 'SQL', 'Microsoft Excel', 'Database design', ""Bachelor's degree""]"
Business Reporting Analyst,0,0,0,"['SQL', 'VBA', 'ERP systems', 'Military', 'OOP', ""Bachelor's degree""]"
Business Support Analyst,0,0,0,"['Project management', 'Power BI', 'Microsoft Excel', 'ERP systems', 'Microsoft Powerpoint', ""Bachelor's degree""]"
Business Systems Analyst,0,0,0,"['Confluence', 'SQL', 'Microsoft Excel', 'ERP systems', 'Scrum', 'Accounting', 'Analysis skills', 'Communication skills', 'Financial management', 'Oracle', 'Analysis skills', 'ERP systems', 'Product management', 'System design', 'Logistics', ""Bachelor's degree"", ""Master's degree"", 'Master of Business Administration']"
Buyer,0,0,0,[nan]
Client Onboarding Technical Implementation Specialist VP,0,0,0,"['Project management', 'Employee orientation', 'ERP systems', 'Business analysis', 'Banking']"
ERP Analyst,0,0,0,"['Analysis skills', 'Customer service', 'ERP systems', 'Business analysis', 'Systems analysis', ""Bachelor's degree"", 'High school diploma or GED']"
Financial Analyst,0,0,0,"['Accounting', 'Microsoft Excel', 'ERP systems', 'SAP ERP', 'Hyperion', ""Bachelor's degree""]"
Data Analyst,0,0,0,"['Six Sigma Certification', 'Sage', 'PMP', 'Six Sigma', 'Data analysis skills', 'Bachelor of Science', ""Bachelor's degree""]"
IT Business Analyst,0,0,0,"['Change management', 'Project portfolio management', 'Power BI', 'PMP', 'Microservices', ""Bachelor's degree""]"
Business Analyst,0,0,0,"['EDI', 'Manufacturing', 'SQL', 'ERP systems', 'Business analysis']"
ERP Analyst,0,0,0,[nan]
ERP Analyst,0,0,0,"['SQL', 'Jira', 'Microsoft Excel', 'Business analysis', 'Microsoft Powerpoint']"
ERP Analyst,0,0,0,"['Project management', 'SQL', 'Certified Project Manager', 'ERP systems', 'Data collection']"
IT Business Analyst,0,0,0,[nan]
Extrusion Operator M,0,0,0,[nan]
Business Analyst,0,0,0,"['Requirements gathering', 'Accounting', 'SQL', 'Microsoft Excel', 'ERP systems', ""Bachelor's degree"", 'Doctoral degree']"
ERP Analyst,0,0,0,"['Analysis skills', 'ERP systems', 'Business analysis', 'Systems analysis', 'Communication skills', ""Bachelor's degree""]"
Functional Business Consultant - Help Desk,0,0,0,"['Customer service', 'SQL', 'ERP systems', 'Business analysis']"
Global BI Analyst,0,0,0,"['Accounting', 'Data modeling', 'SQL', 'IDS', 'Financial services', ""Bachelor's degree""]"
HRIS Reporting Analyst,0,0,0,"['Requirements gathering', 'Microsoft Excel', 'ERP systems', 'SAP BusinessObjects', 'Communication skills', ""Bachelor's degree""]"
Hiring Now! 2nd Shift Group Leader - Assembler,0,0,0,"['Assemblymissing qualification', 'Assemblymissing qualification']"
IT Business Analyst,0,0,0,"['ERP systems', 'Business analysis', 'CDL', 'Communication skills', 'Salesforce', ""Bachelor's degree"", 'High school diploma or GED']"
ERP Analyst,0,0,0,"['Manufacturing', 'ERP systems', 'Business development', 'Communication skills', 'Business requirements', ""Bachelor's degree""]"
Sales Analyst,0,0,0,"['Project management', 'EDI', 'Order fulfillment', 'ERP systems', 'Business analysis', 'Bachelor of Science', ""Bachelor's degree""]"
IT Business Analyst,0,0,0,[nan]
"JPMorgan Payments - Implementation Project Manager, Associate II",0,0,0,"['Project management', 'APIs', 'ERP systems', 'Business analysis', 'Microsoft Office']"
Business Systems Analyst,0,0,0,"['Accounting', 'Analysis skills', 'Communication skills', 'Financial management', 'Oracle']"
"Logistics Associate, Level 1",0,0,0,[nan]
"Manager, Oracle (Finance)",0,0,0,"['Requirements gathering', 'ERP systems', 'Cash management', 'Business analysis', 'SharePoint', 'Bachelor of Science', ""Bachelor's degree""]"
Manufacturing Specialist,0,0,0,[nan]
Manufacturing Technician,0,0,0,['Manufacturingmissing qualification']
Material Handler,0,0,0,['ERP systemsmissing qualification']
Material Handler - 2nd shift,0,0,0,[nan]
Business Analyst,0,0,0,"['Power BI', 'CSS', 'SQL', 'Data visualization', 'Business intelligence', ""Bachelor's degree"", ""Master's degree""]"
Sales Analyst,0,0,0,[nan]
Operations Analyst,0,0,0,[nan]
Business Analyst,0,0,0,[nan]
Business Analyst,0,0,0,"['Manufacturing', 'ERP systems', 'Communication skills', 'Oracle', 'Meeting facilitation', ""Bachelor's degree""]"
Business Analyst,0,0,0,"['Project management', 'Project portfolio management', 'PMP', 'Customer service', 'SQL', ""Bachelor's degree""]"
Performance Test Engineer,0,0,0,['CompTIA Security+missing qualification']
Pricing Analyst,0,0,0,"['Analysis skills', 'Microsoft Excel', 'ERP systems', 'Business analysis', 'Pricing', ""Bachelor's degree""]"
Product Implementation Associate,0,0,0,"['Project management', 'Employee orientation', 'ERP systems', 'Business analysis', 'Banking', 'Bachelor of Science', ""Bachelor's degree""]"
Product Implementation VP - Technical Implementation Advisor,0,0,0,"['Project management', 'Employee orientation', 'Business analysis', 'Banking', 'APIs']"
Production Packer NIGHT SHIFT Sun thru Wed,0,0,0,['Pricingmissing qualification']
Business Analyst,0,0,0,"['Project management', 'Power BI', 'Supply chain management', 'Azure', 'Product management', ""Bachelor's degree""]"
IT Business Analyst,0,0,0,[nan]
Business Analyst,0,0,0,"['Communication skills', 'SQL', 'ERP systems', 'Oracle', 'System design', ""Bachelor's degree""]"
Resource Coordinator,0,0,0,[nan]
Business Analyst,0,0,0,"['SQL', 'SAP', 'ERP systems', 'Communication skills', 'Agile', ""Bachelor's degree""]"
Business Analyst,0,0,0,"['SAP', 'Communication skills', 'IT', 'Supply chain', 'SAP ERP']"
Business Analyst,0,0,0,"['Technical support', 'Manufacturing', 'Business analysis', 'SAP ERP', 'Communication skills']"
SKU Creation Manager,0,0,0,"['Relational databases', 'Microsoft Excel', 'Product management', 'Continuous improvement', 'Communication skills', ""Bachelor's degree""]"
Sales Analyst,0,0,0,"['Confluence', 'PMP', 'Product development', 'Communication skills', 'Agile']"
Sales Analyst,0,0,0,"['Microsoft Excel', 'Communication skills', 'Agile', 'Oracle', 'Bachelor of Science', ""Bachelor's degree""]"
Operations Analyst,0,0,0,"['Project management', 'Analysis skills', 'Communication skills', 'Microsoft Excel', 'SAP', ""Bachelor's degree""]"
Senior BI Analyst,0,0,0,"['Relational databases', 'Data modeling', 'SQL', 'ERP systems', 'Data visualization', ""Bachelor's degree""]"
Business Analyst,0,0,0,"['Requirements gathering', 'Analysis skills', 'Jira', 'Product management', 'Business analysis', ""Bachelor's degree""]"
Business Analyst,0,0,0,"['SQL', 'Oracle EBS', 'PL/SQL', 'Project management', 'Analysis skills', 'Bachelor of Science', ""Bachelor's degree"", 'Unit testing', 'Cost management', 'Analysis skills', 'Manufacturing', 'Oracle HCM', 'Bachelor of Science', ""Bachelor's degree""]"
Business Analyst,0,0,0,"['SQL', 'ERP systems', 'Oracle EBS', 'Communication skills', 'PL/SQL', 'Bachelor of Science', ""Bachelor's degree""]"
IT Business Analyst,0,0,0,"['Project management', 'JD Edwards', 'Manufacturing', 'Supply chain', 'Waterfall', ""Bachelor's degree""]"
Data Analyst,0,0,0,"[""Bachelor's degree""]"
Senior Consultant,0,0,0,"['Project management', 'Payroll', 'Negotiation', 'ERP systems', 'Business analysis']"
Financial Analyst,0,0,0,"['Microsoft Excel', 'Data analytics', 'Communication skills', 'Marketing', 'Analytics', 'Bachelor of Science', ""Bachelor's degree""]"
Business Systems Analyst,0,0,0,"['SQL', 'Root cause analysis', ""Bachelor's degree""]"
IT Business Analyst,0,0,0,"['Accounting', 'JD Edwards', 'Manufacturing', 'SQL', 'ERP systems', ""Bachelor's degree""]"
Operations Analyst,0,0,0,"['Microsoft Excel', 'Business analysis', 'SAP ERP', 'Hyperion', 'Pivot tables', ""Bachelor's degree""]"
Business Analyst,0,0,0,"['Power BI', 'CSS', 'SQL', 'Data visualization', 'Business intelligence', ""Bachelor's degree"", ""Master's degree""]"
Business Analyst,0,0,0,"['Bash', 'CSS', 'SQL', 'Shell Scripting', 'Microsoft Windows Server', ""Bachelor's degree""]"
Software Application Engineer,0,0,0,[nan]
Business Process Analyst,0,0,0,"['Accounting', 'Analysis skills', 'SAP S/4HANA', 'SAP', 'Cloud architecture']"
ERP Analyst,0,0,0,"['Accounting', 'Microsoft Excel', 'SAP', 'Systems analysis', 'Microsoft Powerpoint', ""Bachelor's degree"", 'Microsoft Access', 'EDI', 'Manufacturing', 'Microsoft Excel', 'SOX', ""Bachelor's degree""]"
Business Systems Analyst,0,0,0,"['Software deployment', 'Web services', 'Analysis skills', 'Supply chain management', 'SAP S/4HANA', ""Bachelor's degree""]"
Business Analyst,0,0,0,"['Writing skills', 'Analysis skills', 'Payroll', 'Microsoft Excel', 'SAP', ""Bachelor's degree""]"
Operations Analyst,0,0,0,['ERP systemsmissing qualification']
Tech Bus Analyst Sr- Tech Bus Analyst Prin (Energy Delivery Outage),0,0,0,"['Requirements gathering', 'Jira', 'Waterfall', 'Business analysis', 'Scrum', ""Bachelor's degree"", 'High school diploma or GED', ""Associate's degree"", ""Master's degree""]"
Technical Implementation Project Manager - Payments - Associate,0,0,0,"['Project management', 'APIs', 'ERP systems', 'Business analysis', 'Microsoft Office']"
Trailer Reviewer,0,0,0,[nan]
Turf Extrusion Test - K,0,0,0,[nan]
Turf Extrusion Tester - L,0,0,0,[nan]
Turf Extrusion Tester - M,0,0,0,[nan]
Workflow Controller (B2),0,0,0,[nan]
ERP Analyst,$100 - $110 an hour,100 , 110,"['Requirements gathering', 'Microsoft Excel', 'ERP systems', 'Business analysis', 'Microsoft Powerpoint', ""Bachelor's degree""]"
Business Analyst,"$100,000 - $105,000 a year",100000 , 105000,"['JD Edwards', 'Communication skills', 'Bachelor of Science', ""Bachelor's degree""]"
Business Analyst,"$100,000 - $110,000 a year",100000 , 110000,"['Power BI', 'JD Edwards', 'Manufacturing', 'SQL', 'ERP systems', ""Bachelor's degree""]"
Senior Business Applications Analyst,"$100,000 - $125,000 a year",100000 , 125000,"['ERP systems', 'Application support', 'Oracle EBS', 'IT', 'Oracle', ""Bachelor's degree"", ""Master's degree""]"
IT Business Analyst,"$102,000 - $135,000 a year",102000 , 135000,"['Business analysis', 'Software development', ""Bachelor's degree""]"
IT Business Analyst,"$105,000 - $120,000 a year",105000 , 120000,"['PMP', 'Scrum', 'LMS', 'Microsoft Project', 'Communication skills', ""Master's degree""]"
Business Analyst,"$105,000 - $155,000 a year",105000 , 155000,"['SQL', 'Data governance', 'Workday', 'Tableau', 'OBIEE', ""Bachelor's degree""]"
ERP Analyst,"$107,700 - $123,850 a year",107700 , 123850,"['Writing skills', 'Industrial construction', 'Analysis skills', 'Customer service', 'SQL', ""Bachelor's degree""]"
IT Business Analyst,"$110,000 - $120,000 a year",110000 , 120000,"['Accounting', 'Manufacturing', 'Microsoft Excel', 'SAP', 'ERP systems', ""Bachelor's degree"", ""Master's degree""]"
Business Systems Analyst,"$110,000 - $120,000 a year",110000 , 120000,"['SQL', 'Oracle EBS', 'Oracle', 'PL/SQL', ""Bachelor's degree""]"
Business Analyst,"$110,000 - $160,000 a year",110000 , 160000,"['Supply chain', 'SAP', 'Business analysis', 'SAP Supply Chain Management']"
Business Analyst,"$117,200 - $195,330 a year",117200 , 195330,"['Supply chain', 'SQL', 'Microsoft Excel', 'Demand planning', 'Oracle', ""Bachelor's degree"", ""Master's degree"", 'Master of Business Administration']"
"Mgr., Finance/Business Analysis (Hybrid)","$118,000 - $145,200 a year",118000 , 145200,"['Analysis skills', 'Microsoft Excel', 'Tableau', 'Sales', 'Financial acumen', ""Bachelor's degree""]"
Business Systems Analyst,"$12,000 - $84,000 a year",12000 , 84000,"['Analysis skills', 'Bank Secrecy Act', 'Communication skills', 'SDLC', 'Oracle', ""Bachelor's degree""]"
IT Business Analyst,"$120,000 - $150,000 a year",120000 , 150000,"['Analysis skills', 'Business process modeling', 'ERP systems', 'Business analysis', 'SAP ERP', ""Bachelor's degree""]"
IT Business Analyst,"$120,000 a year",120000,0,"['Azure', 'PMP', 'Microsoft Excel', 'SAP', 'ERP systems', ""Bachelor's degree""]"
Business Systems Analyst,"$125,000 - $140,000 a year",125000 , 140000,"['Requirements gathering', 'Cognos', 'Payroll', 'ERP systems', 'System design', ""Bachelor's degree"", 'Master of Business Administration', ""Associate's degree"", ""Master's degree""]"
1st Shift- Fabrication Tech 1 -Welder,$13 an hour,13,0,[nan]
ERP Analyst,"$130,000 - $170,000 a year",130000 , 170000,"['Power BI', 'Confluence', 'Manufacturing', 'SQL', 'Oracle EBS', ""Bachelor's degree""]"
Junior Technician,$14 - $18 an hour,14 , 18,[nan]
Business Analyst,"$140,000 - $160,000 a year",140000 , 160000,"['Power BI', 'Data modeling', 'SQL', 'Predictive analytics', 'ERP systems', ""Bachelor's degree""]"
IT Business Analyst,"$140,000 a year",140000,0,"['Business requirements', 'ERP systems', 'SAP Finance & Controlling', ""Bachelor's degree""]"
Picker/Packer 3rd Shift $15.50 an hour,$15.50 - $16.00 an hour,15.50 , 16.00,[nan]
Materials Operator,$15.50 - $18.00 an hour,15.50 , 18.00,[nan]
"HOSE TECHNICIAN - GEISMAR/BATON ROUGE, LA",$16 - $20 an hour,16 , 20,[nan]
"HOSE TECHNICIAN - Lafayette, LA",$16 - $20 an hour,16 , 20,[nan]
2nd Shift Assembler,$16.50 - $17.25 an hour,16.50 , 17.25,['Manufacturingmissing qualification']
Press Operator,$16.50 - $18.50 an hour,16.50 , 18.50,[nan]
1st & 2nd Shift Receiving Specialist,$17 - $19 an hour,17 , 19,[nan]
Materials Associate,$17 - $20 an hour,17 , 20,[nan]
Assembler,$17.70 an hour,17.70,0,['Assemblymissing qualification']
Group Finance Director,"$178,400 - $280,390 a year",178400 , 280390,"['Microsoft Excel', 'Microsoft Powerpoint', 'Leadership', 'Communication skills', 'CPA', ""Bachelor's degree"", 'Master of Business Administration', ""Master's degree""]"
Business Analyst,$18 - $20 an hour,18 , 20,"['Microsoft Excel', 'Sales', 'ERP systems', 'Microsoft Office', 'SAP ERP', ""Bachelor's degree"", 'Bachelor of Arts']"
Supply Chain Assistant,$18 - $20 an hour,18 , 20,[nan]
Stockroom/Purchasing Associate,$18.50 - $22.00 an hour,18.50 , 22.00,[nan]
Material Handler - Forklift - Weekly Pay!,$19 an hour,19,0,[nan]
Advanced Customer Service Specialist,$20 - $24 an hour,20 , 24,[nan]
Project Coordinator,$20 - $25 an hour,20 , 25,[nan]
Help Desk Specialist,$21.66 an hour,21.66,0,[nan]
Accountant,$21.74 - $26.18 an hour,21.74 , 26.18,[nan]
IT Business Analyst,$25 - $30 an hour,25 , 30,"['Project management', 'Payroll', 'ERP systems', 'Business analysis', 'Human resources', ""Bachelor's degree""]"
IT Business Analyst,$25 an hour,25,0,[nan]
Data Analyst,"$3,553 - $5,240 a month",3553 , 5240 a month,[nan]
Business Analyst,"$3,732 - $5,996 a month",3732 , 5996 a month,"['Analysis skills', 'Research', 'ERP systems', 'Ellucian', 'Communication skills']"
Operations Analyst,$30.00 - $43.09 an hour,30.00 , 43.09,"['Analysis skills', 'Research', 'Budgeting', 'PeopleSoft', 'GAAP', ""Bachelor's degree"", 'High school diploma or GED']"
Business Analyst,$32.89 - $41.93 an hour,32.89 , 41.93,"['Relational databases', 'Data modeling', 'SQL', 'ERP systems', 'Database design', ""Bachelor's degree"", ""Master's degree""]"
Business Analyst,$35 - $40 an hour,35 , 40,"['Analysis skills', 'Power BI', 'Workday', 'Microsoft Excel', 'ERP systems', ""Bachelor's degree""]"
IT Business Analyst,$35.49 an hour,35.49,0,[nan]
Customer Relations Specialist,"$36,000 - $40,000 a year",36000 , 40000,[nan]
Financial Analyst,$37 - $47 an hour,37 , 47,"['Accounting', 'Analysis skills', 'SAP S/4HANA', 'Microsoft Excel', 'ERP systems']"
Programmer/Analyst,"$39,000 - $49,000 a year",39000 , 49000,"['CSS', 'Relational databases', 'SQL', 'Computer skills', 'ERP systems', ""Bachelor's degree""]"
Financial Analyst,$40 - $43 an hour,40 , 43,"['Accounting', 'Microsoft Excel', 'Tableau', 'Business analysis', 'Hyperion', ""Bachelor's degree""]"
Business Analyst,$40 - $45 an hour,40 , 45,"['Power BI', 'SQL', 'ERP systems', 'Business analysis', 'NetSuite']"
E-Commerce Web Developer,"$40,000 - $60,000 a year",40000 , 60000,[nan]
Project Analyst/Estimator,"$41,816 - $60,000 a year",41816 , 60000,"['Forklift', 'Accounting', 'Manufacturing', 'Microsoft Excel', 'ERP systems', ""Bachelor's degree""]"
Business Systems Analyst,"$45,000 - $60,000 a year",45000 , 60000,"['Bank Secrecy Act', 'ERP systems', 'SaaS', 'Communication skills', 'IT', ""Bachelor's degree""]"
Full Stack Engineer,"$45,000 - $60,000 a year",45000 , 60000,[nan]
Business Analyst,"$45,000 - $65,000 a year",45000 , 65000,"['Accounting', 'Analysis skills', 'Yardi', 'Microsoft Excel', 'ERP systems', ""Bachelor's degree""]"
IT Business Analyst,"$45,000 - $75,000 a year",45000 , 75000,"['Warehouse experience', 'Warehouse distribution', 'Manufacturing', 'SQL', 'Microsoft Excel', ""Bachelor's degree""]"
Supply Chain Coordinator,"$48,808 - $60,000 a year",48808 , 60000,[nan]
ERP Analyst,$49.90 - $125.15 an hour,49.90 , 125.15,"['Requirements gathering', 'ERP systems', 'Microsoft Powerpoint', 'Oracle EBS', 'Visio', ""Bachelor's degree""]"
Business Analyst,$50 - $60 an hour,50 , 60,"['User acceptance testing', 'Warehouse experience', 'Requirements gathering', 'SQL', 'Jira', ""Bachelor's degree""]"
Business Systems Analyst,"$50,000 - $58,000 a year",50000 , 58000,"['Analysis skills', 'Database management', 'Workday', 'Systems analysis', 'ServiceNow', ""Bachelor's degree"", ""Master's degree""]"
ERP Analyst,"$50,000 - $60,000 a year",50000 , 60000,[nan]
Business Systems Analyst,"$50,000 - $80,000 a year",50000 , 80000,"['ERP systems', 'FDA regulations', 'Communication skills', 'VPN', 'Crystal Reports', ""Bachelor's degree""]"
Business Analyst,"$50,000 - $90,000 a year",50000 , 90000,"['SQL', 'Kanban', 'ERP systems', 'Scrum', 'Mobile applications', ""Bachelor's degree""]"
Business Process Analyst,"$50,560 a year",50560,0,"['Ellucian', 'Enterprise software', 'ERP systems', 'Business analysis', ""Bachelor's degree"", ""Master's degree""]"
Strategic Sourcing Specialist II,"$52,500 - $100,000 a year",52500 , 100000,"['Change management', 'Accounting', 'Microsoft Excel', 'ERP systems', 'Contracts', 'High school diploma or GED']"
Business and Reporting Analyst,"$54,000 - $94,000 a year",54000 , 94000,"['Power BI', 'Data modeling', 'SQL', 'Microsoft Excel', 'ERP systems', ""Bachelor's degree""]"
Accountant,"$54,000 a year",54000,0,[nan]
Business Systems Analyst,"$55,000 - $65,000 a year",55000 , 65000,"['Microsoft Excel', 'ERP systems', 'Systems analysis', 'Communication skills']"
Operations Analyst,"$55,000 - $80,000 a year",55000 , 80000,"['Warehouse experience', 'Power BI', 'SQL', 'Microsoft Excel', 'Warehouse management system']"
Business Systems Analyst,"$56,425 - $127,734 a year",56425 , 127734,"['ERP systems', 'Communication skills', 'ITIL', 'Project management', 'Analysis skills', 'Bachelor of Science', ""Bachelor's degree""]"
ERP Analyst,"$57,108 - $105,984 a year",57108 , 105984,"['SQL', 'Database development', 'ERP systems', 'Systems analysis', 'Software troubleshooting', ""Bachelor's degree""]"
Business Analyst,"$57,505 - $70,724 a year",57505 , 70724,"['SQL', 'Microsoft Excel', 'ERP systems', 'Ellucian', 'Canvas', ""Bachelor's degree"", ""Associate's degree""]"
Business Analyst,"$57,606 - $83,548 a year",57606 , 83548,"[""Driver's License"", ""Bachelor's degree"", ""Associate's degree""]"
Business Systems Analyst,"$58,298 - $61,575 a year",58298 , 61575,"['Relational databases', 'SQL', 'Payroll', 'Software troubleshooting', 'Communication skills', ""Associate's degree""]"
Business Systems Analyst,"$59,319 - $84,845 a year",59319 , 84845,"['Microsoft Excel', ""Driver's License"", 'ERP systems', 'Systems analysis', 'Data collection', ""Bachelor's degree""]"
Business Information Analyst,"$59,723 a year",59723,0,"[""Bachelor's degree""]"
Manufacturing Engineer - Hanover,"$60,000 - $70,000 a year",60000 , 70000,[nan]
Implementation Developer MS Dynamics CRM (FT),"$60,000 - $75,000 a year",60000 , 75000,"['Requirements gathering', 'Citrix', 'Project management', 'Relational databases', 'SQL', ""Bachelor's degree""]"
Business Analyst,"$60,000 - $80,000 a year",60000 , 80000,"['SQL', 'ERP systems', 'Communication skills', 'Writing skills', 'ITIL', ""Bachelor's degree""]"
Business Analyst,"$60,000 - $80,000 a year",60000 , 80000,"['Analysis skills', 'Microsoft Excel', 'E-commerce', 'Business intelligence', 'Data analysis skills', ""Bachelor's degree""]"
Business Systems Analyst,"$60,000 - $90,000 a year",60000 , 90000,"['Project management', 'Analysis skills', 'Power BI', 'Manufacturing', 'SQL', ""Bachelor's degree""]"
Business Systems Analyst,"$60,580 - $80,000 a year",60580 , 80000,"['Project management', ""Driver's License"", 'Software troubleshooting', 'IT', 'Project management methodology', ""Bachelor's degree"", 'High school diploma or GED', ""Associate's degree""]"
Business Technology Analyst,"$61,169 a year",61169,0,"['Relational databases', 'Microsoft Excel', 'ERP systems', 'Application support', 'Software troubleshooting']"
Financial Analyst,"$61,397 - $128,924 a year",61397 , 128924,"['ERP systems', 'Communication skills', ""Bachelor's degree""]"
Business Analyst,"$62,400 - $91,032 a year",62400 , 91032,"['Analysis skills', 'Microsoft Excel', 'CCBA', 'Google Docs', 'Tableau']"
Business Systems Analyst,"$63,107 - $86,108 a year",63107 , 86108,"['Accounting', 'ERP systems', 'OBIEE', 'Oracle', 'Microsoft Office', ""Bachelor's degree""]"
Associate Java Developer,"$63,118 - $87,346 a year",63118 , 87346,[nan]
Sales Analyst,"$64,000 - $74,000 a year",64000 , 74000,"['Power BI', 'Tableau', 'Pivot tables', 'Communication skills', 'Analytics']"
Business Analyst,$65 - $70 an hour,65 , 70,"['Analysis skills', 'Relational databases', 'SQL', 'Payroll', 'ERP systems']"
Business Analyst,"$65,000 - $100,000 a year",65000 , 100000,"['Power BI', 'EDI', 'Customer service', 'ERP systems', 'SSIS', ""Bachelor's degree""]"
ERP Analyst,"$65,000 - $75,000 a year",65000 , 75000,"['Manufacturing', 'Windows', 'ERP systems', 'Microsoft Windows Server', 'Logistics', 'Bachelor of Science', ""Bachelor's degree""]"
Financial Analyst,"$65,000 - $75,000 a year",65000 , 75000,"['Analysis skills', 'Microsoft Excel', 'Business analysis', 'Math', 'Budgeting', ""Bachelor's degree""]"
IT Business Analyst,"$65,000 - $90,000 a year",65000 , 90000,"['SQL', 'Microsoft Excel', 'Microsoft Powerpoint', 'Microsoft Project', 'Software troubleshooting', ""Bachelor's degree""]"
Business Analyst,"$66,000 - $86,000 a year",66000 , 86000,"['Workday', 'Business analysis', 'IT', ""Bachelor's degree""]"
Business Analyst,"$66,000 - $86,000 a year",66000 , 86000,"['Human resources', 'Payroll', 'Workday', 'Business analysis', 'IT', ""Bachelor's degree""]"
Business Analyst,"$66,000 - $86,000 a year",66000 , 86000,"['Workday', 'Business analysis', ""Bachelor's degree""]"
Business Analyst,"$66,000 - $86,000 a year",66000 , 86000,"['Human resources', 'Payroll', 'Workday', 'Business analysis', 'IT', ""Bachelor's degree""]"
"FROSCH/TCG - Sr Consultant, Procurement & Spend Optimization (FULLY REMOTE)","$67,050 - $104,500 a year",67050 , 104500,"['Project management', 'Product demos', 'Customer service', 'Microsoft Excel', 'Business analysis', ""Bachelor's degree""]"
Business Systems Analyst,"$67,132 - $83,915 a year",67132 , 83915,"['Microsoft Access', 'SQL', 'Microsoft Excel', 'ERP systems', 'Budgeting', ""Bachelor's degree""]"
Business Systems Analyst,"$67,348 - $91,839 a year",67348 , 91839,"['Microsoft Access', 'EDI', 'Microsoft Excel', 'ERP systems', 'Time management', ""Bachelor's degree"", 'High school diploma or GED']"
Business Systems Analyst,"$69,118 - $110,589 a year",69118 , 110589,"['Oracle EBS', 'Computer literacy', 'Oracle']"
Business Systems Analyst,"$69,118 a year",69118,0,"['Oracle EBS', 'Computer literacy', 'Oracle', ""Bachelor's degree"", ""Master's degree""]"
Oracle Fusion Cloud Implementation,$70 - $90 an hour,70 , 90,"['Confluence', 'Oracle HCM', 'Jira', 'Recruiting', 'ERP systems', ""Bachelor's degree""]"
Business Excellence Analyst,"$70,000 - $110,000 a year",70000 , 110000,"['Accounting', 'Manufacturing', 'SAP', 'ERP systems', 'Analysis skills', ""Bachelor's degree""]"
Operations Analyst,"$70,000 - $75,000 a year",70000 , 75000,"['Word processing', 'Relational databases', 'Manufacturing', 'Windows', 'Software troubleshooting', ""Bachelor's degree"", 'Word processing', 'ITIL', 'EDI', 'Operating systems', 'Relational databases', ""Bachelor's degree""]"
Business Planning Analyst,"$70,000 - $80,000 a year",70000 , 80000,"['Microsoft Excel', 'ERP systems', 'Communication skills', 'Microsoft Office', 'Business analysis', ""Bachelor's degree""]"
Jr. Supply Chain Analyst,"$70,000 - $80,000 a year",70000 , 80000,[nan]
Business Analyst,"$70,000 - $80,000 a year",70000 , 80000,"['Power BI', 'Relational databases', 'SQL', 'Microsoft Excel', 'Digital marketing', ""Bachelor's degree""]"
Data Analyst,"$70,000 - $85,000 a year",70000 , 85000,"['Analysis skills', 'Manufacturing', 'Microsoft Excel', 'SAP', 'ERP systems', ""Bachelor's degree""]"
Operations Analyst,"$70,000 - $85,000 a year",70000 , 85000,"['SQL', 'Microsoft Excel', 'Communication skills', 'Kaizen', 'Python', ""Master's degree""]"
Business Systems Analyst,"$70,000 - $87,000 a year",70000 , 87000,"['Accounting', 'Microsoft Excel', 'ERP systems', 'Financial report writing', 'Business analysis', 'Bachelor of Science', ""Bachelor's degree"", ""Master's degree""]"
Business Analyst,"$70,000 - $90,000 a year",70000 , 90000,"['Manufacturing', 'Microsoft Dynamics 365', 'Microsoft Excel', 'ERP systems', 'Communication skills', ""Bachelor's degree""]"
Business Systems Analyst,"$70,000 - $90,000 a year",70000 , 90000,"['Project management', 'ERP systems', 'Warehouse management system', 'SAP Materials Management', 'Communication skills', ""Bachelor's degree""]"
Operations Analyst,"$70,000 - $90,000 a year",70000 , 90000,"['PMP', 'ERP systems', 'Microsoft Project', 'Agile', 'Trello', ""Bachelor's degree""]"
Business Analyst,"$70,000 - $95,000 a year",70000 , 95000,"['Warehouse experience', 'Microsoft Excel', 'Communication skills', 'Microsoft Access', 'Analysis skills', ""Bachelor's degree""]"
Business Systems Analyst,"$70,000 - $95,000 a year",70000 , 95000,"['Bank Secrecy Act', 'SQL', 'ERP systems', 'Communication skills', 'SaaS', ""Bachelor's degree""]"
Business Systems Analyst,"$70,752 - $92,862 a year",70752 , 92862,"['Analysis skills', 'Database management', 'Manufacturing', 'SQL', 'ERP systems', ""Bachelor's degree""]"
ERP Analyst,"$71,219 a year",71219,0,"['SAP Materials Management', 'ERP systems', ""Bachelor's degree"", ""Master's degree""]"
Financial Analyst,"$71,922 - $96,732 a year",71922 , 96732,"['Requirements gathering', 'Systems analysis', 'Leadership', 'Communication skills', 'Business requirements', ""Bachelor's degree""]"
IT Business Analyst,"$72,800 - $135,200 a year",72800 , 135200,"['Project management', 'Analysis skills', 'SAP', 'ERP systems', 'Product management', ""Bachelor's degree"", ""Master's degree""]"
Financial Analyst,"$74,000 - $111,000 a year",74000 , 111000,"['Accounting', 'SQL', 'Microsoft Excel', 'ERP systems', 'Communication skills', ""Bachelor's degree""]"
Business Analyst,"$74,438 - $89,646 a year",74438 , 89646,"['Project management', 'Primavera', 'Analysis skills', 'Auto estimating', 'Construction estimating', ""Bachelor's degree""]"
IT Business Analyst,$75 - $80 an hour,75 , 80,"['Analysis skills', 'Azure', 'SQL', 'ERP systems', 'Cloud architecture', ""Bachelor's degree""]"
ERP Analyst,$75 an hour,75,0,"['Project management', 'PeopleSoft', 'Oracle', 'Data structures']"
Business Analyst,"$75,000 - $100,000 a year",75000 , 100000,"['Power BI', 'SQL', 'ERP systems', 'Communication skills', 'R', ""Bachelor's degree""]"
ERP Analyst,"$75,000 - $105,000 a year",75000 , 105000,"['Microsoft Dynamics GP', 'Bank Secrecy Act', 'Certified Salesforce Administrator', 'Power BI', 'Azure', ""Bachelor's degree""]"
Business Analyst,"$75,000 - $85,000 a year",75000 , 85000,"['Change management', 'Manufacturing', 'Azure', 'SQL', 'ERP systems']"
Business Systems Analyst,"$75,000 - $85,000 a year",75000 , 85000,"['Project management', 'Accounting', 'Power BI', 'Manufacturing', 'Microsoft Excel', ""Bachelor's degree""]"
Financial Analyst,"$75,000 - $85,000 a year",75000 , 85000,"['Accounting', 'Microsoft Excel', 'ERP systems', 'Communication skills', 'Analysis skills', ""Bachelor's degree""]"
IT Business Analyst,"$75,000 - $85,000 a year",75000 , 85000,"['Change management', 'Manufacturing', 'Azure', 'SQL', 'ERP systems']"
Business Analyst,"$75,000 - $90,000 a year",75000 , 90000,"['Microsoft Access', 'Power BI', 'CSS', 'SQL', 'VBA', ""Bachelor's degree""]"
Business Solutions Analyst,"$75,000 - $95,000 a year",75000 , 95000,"['Customer service', 'Communication skills', 'ABAP', ""Associate's degree""]"
Sales Analyst,"$76,000 - $86,000 a year",76000 , 86000,"['Analysis skills', 'Power BI', 'Customer service', 'CPIM', 'Microsoft Excel', ""Bachelor's degree""]"
Senior Program Manager - Strategic Sourcing,"$76,300 - $109,000 a year",76300 , 109000,"['EDI', 'Negotiation', 'Business analysis', 'SOX', 'Contracts', ""Bachelor's degree""]"
Business Analyst,"$76,770 - $93,830 a year",76770 , 93830,"['Accounting', 'Analysis skills', 'Customer service', 'Microsoft Excel', 'Drafting', ""Bachelor's degree"", ""Associate's degree""]"
ERP Analyst,"$79,398 - $95,129 a year",79398 , 95129,"['Power BI', 'SQL', 'Microsoft Excel', 'Windows', 'ERP systems', ""Bachelor's degree""]"
Financial Analyst,$80 - $100 an hour,80 , 100,"['Requirements gathering', 'ERP systems', 'Business analysis', 'Microsoft Powerpoint', 'Oracle EBS', ""Bachelor's degree""]"
Financial Analyst,$80 - $100 an hour,80 , 100,"['Requirements gathering', 'Microsoft Excel', 'ERP systems', 'Business analysis', 'Microsoft Powerpoint', ""Bachelor's degree""]"
Business Consultant Syteline,"$80,000 - $100,000 a year",80000 , 100000,"['SyteLine', 'Analysis skills', 'Manufacturing', 'Customer service', 'CPIM', ""Bachelor's degree""]"
Business Consultant Syteline (Remote),"$80,000 - $100,000 a year",80000 , 100000,"['SyteLine', 'Analysis skills', 'Manufacturing', 'Customer service', 'CPIM', ""Bachelor's degree""]"
Business Systems Analyst,"$80,000 - $100,000 a year",80000 , 100000,"['Vendor management', 'Microsoft Excel', 'Microsoft Powerpoint', 'Microsoft Office', 'Organizational skills', ""Bachelor's degree""]"
Business Systems Analyst,"$80,000 - $100,000 a year",80000 , 100000,"['SQL', 'SSIS', 'C++', 'ASP', 'Visual Basic', ""Bachelor's degree""]"
IT Business Analyst,"$80,000 - $120,000 a year",80000 , 120000,"['UML', ""Driver's License"", 'Communication skills', 'SDLC', 'Computer networking', ""Bachelor's degree""]"
Business Analyst,"$80,000 - $150,000 a year",80000 , 150000,"['Confluence', 'Manufacturing', 'Microsoft Excel', 'ERP systems', 'Visual design', ""Bachelor's degree"", ""Master's degree""]"
Application Manager,"$80,000 - $85,000 a year",80000 , 85000,"['Power BI', 'Azure', 'SQL', 'Disaster recovery', 'ERP systems', ""Bachelor's degree""]"
Business Analyst,"$80,000 - $85,000 a year",80000 , 85000,"['Microsoft Access', 'Power BI', 'Cognos', 'Azure', 'Supply chain', ""Bachelor's degree""]"
Data Analyst,"$80,000 - $85,000 a year",80000 , 85000,"['Power BI', 'Microsoft Excel', 'ERP systems', 'Business analysis', 'Communication skills', ""Bachelor's degree"", ""Master's degree"", 'Master of Business Administration']"
ERP Analyst,"$80,000 - $85,000 a year",80000 , 85000,"['Power BI', 'Relational databases', 'Manufacturing', 'Microsoft Excel', 'ERP systems', ""Bachelor's degree""]"
Data Analyst,"$80,000 - $85,000 a year",80000 , 85000,"['Power BI', 'Azure', 'SQL', 'Disaster recovery', 'ERP systems', ""Bachelor's degree""]"
IT Business Analyst,"$80,000 - $90,000 a year",80000 , 90000,"['Relational databases', 'Manufacturing', 'SQL', 'Transportation management', 'Product management', 'Bachelor of Science', ""Bachelor's degree""]"
Business Analyst,"$80,000 - $90,000 a year",80000 , 90000,"['Accounting', 'Microsoft Excel', 'ERP systems', 'Business intelligence', 'Communication skills', ""Bachelor's degree"", 'Master of Business Administration', ""Master's degree""]"
IT Business Analyst,"$80,000 - $95,000 a year",80000 , 95000,"['Sage', 'Power BI', 'Cognos', 'Manufacturing', 'Microsoft Excel', ""Bachelor's degree"", ""Associate's degree""]"
Financial Analyst,"$80,800 - $120,511 a year",80800 , 120511,"['Accounting', 'Microsoft Excel', 'ERP systems', 'Profit & loss', 'Communication skills', ""Bachelor's degree"", 'Master of Business Administration', ""Master's degree""]"
Senior Analyst - Project Manager,"$82,364 - $98,698 a year",82364 , 98698,"['Microsoft Excel', 'Windows', 'ERP systems', 'Microsoft Powerpoint', 'Data visualization', ""Bachelor's degree""]"
ERP Analyst,"$83,000 - $87,000 a year",83000 , 87000,"['Word processing', 'SQL', 'ERP systems', 'Communication skills', 'Report writing', ""Bachelor's degree"", ""Associate's degree""]"
Business Systems Analyst,"$83,238 - $108,209 a year",83238 , 108209,"['SQL', 'Payroll', ""Driver's License"", 'Business analysis', 'Software troubleshooting', ""Bachelor's degree""]"
ERP Analyst,"$85,000 - $100,000 a year",85000 , 100000,"['EDI', 'Product management', 'Communication skills', 'Bachelor of Science', ""Bachelor's degree""]"
ERP Analyst,"$85,000 - $100,000 a year",85000 , 100000,"['PMP', 'ERP systems', 'Business analysis', 'Communication skills', 'Management', 'Bachelor of Science', ""Bachelor's degree"", ""Master's degree""]"
Business Analyst,"$85,000 - $95,000 a year",85000 , 95000,"['Accounting', 'Manufacturing', 'ERP systems', 'Communication skills', 'Kaizen', ""Bachelor's degree"", 'High school diploma or GED']"
Financial Analyst,"$85,300 - $131,000 a year",85300 , 131000,"['Microsoft Excel', 'Tableau', 'SAP ERP', 'Hyperion', 'Communication skills', ""Bachelor's degree""]"
Financial Analyst,"$86,000 - $130,000 a year",86000 , 130000,"['VBA', 'Microsoft Excel', 'Communication skills', 'Cash flow analysis', 'ASC 606', ""Bachelor's degree""]"
Business Analyst,"$86,525 - $105,752 a year",86525 , 105752,"['Power BI', 'Data modeling', 'SQL', 'Microsoft Excel', 'SAP', ""Bachelor's degree""]"
Business Systems Analyst,"$87,600 - $131,800 a year",87600 , 131800,"['JD Edwards', 'SQL', 'ERP systems', 'Procurement', 'Communication skills', ""Bachelor's degree""]"
Business Analyst,"$88,000 - $132,000 a year",88000 , 132000,"['SQL', 'ERP systems', 'Business intelligence', 'SAP CRM', 'Communication skills', ""Bachelor's degree"", ""Master's degree""]"
Financial Analyst,"$88,184 - $110,000 a year",88184 , 110000,"['Microsoft Excel', 'ERP systems', 'Horizontal drilling', 'CPA', 'Financial analysis', 'Bachelor of Science', ""Bachelor's degree"", 'Master of Business Administration', ""Master's degree""]"
Business Analyst,"$89,000 - $98,000 a year",89000 , 98000,"['Accounting', 'SQL', 'Microsoft Excel', 'Microsoft Powerpoint', 'Communication skills']"
Oracle Cloud Procure-to-Pay SME (REMOTE),$90 - $120 an hour,90 , 120,"['Requirements gathering', 'Microsoft Excel', 'ERP systems', 'Business analysis', 'Microsoft Powerpoint', ""Bachelor's degree""]"
Financial Analyst,"$90,000 - $100,000 a year",90000 , 100000,"['Accounting', 'Microsoft Dynamics 365', 'Business analysis', 'Financial services', 'Financial modeling', ""Bachelor's degree""]"
IT Business Analyst,"$90,000 - $105,000 a year",90000 , 105000,"['User acceptance testing', 'Analysis skills', 'Power BI', 'Supply chain', 'Microsoft Excel', ""Bachelor's degree""]"
ERP Analyst,"$90,000 - $110,000 a year",90000 , 110000,"['ERP systems', 'IT project management', 'Software troubleshooting', 'Continuous improvement', 'Communication skills', 'Bachelor of Science', ""Bachelor's degree""]"
Business Analyst,"$90,000 - $112,000 a year",90000 , 112000,"['Power BI', 'JD Edwards', 'Manufacturing', 'SQL', 'ERP systems', ""Bachelor's degree""]"
Business Systems Analyst,"$90,000 - $120,000 a year",90000 , 120000,"['Analysis skills', 'Research', 'Workday', 'ERP systems', 'Human resources', ""Bachelor's degree""]"
IT Business Analyst,"$90,000 - $120,000 a year",90000 , 120000,"['Sage', 'Analysis skills', 'JD Edwards', 'Manufacturing', 'ERP systems']"
Business Systems Analyst,"$90,000 - $130,000 a year",90000 , 130000,"['Accounting', 'Power BI', 'Data modeling', 'SQL', 'Microsoft Excel', ""Bachelor's degree""]"
Business Analyst,"$90,000 - $135,000 a year",90000 , 135000,"['Accounting', 'Communication skills', 'ERP systems', 'Oracle', 'Business analysis', ""Bachelor's degree""]"
Business Analyst,"$90,480 - $166,400 a year",90480 , 166400,"['SAP S/4HANA', 'SAP', 'ERP systems', 'Scrum', 'Certified Scrum Master', ""Bachelor's degree"", ""Master's degree""]"
Business Systems Analyst,"$90,592 - $113,250 a year",90592 , 113250,"['SQL', 'B2B marketing', 'Pardot', 'Agile', 'Marketing']"
Business Process Analyst,"$91,400 - $114,300 a year",91400 , 114300,"['SAP', 'Sales', 'SAP ERP', 'Service-oriented architecture', 'SAP CRM', ""Bachelor's degree""]"
ERP Analyst,"$95,000 - $115,000 a year",95000 , 115000,"['Sage', 'Bank Secrecy Act', 'Power BI', 'ERP systems', 'Microsoft Office', ""Bachelor's degree""]"
Business Systems Analyst,"$96,000 - $144,000 a year",96000 , 144000,"['TFS', 'Communication skills', 'Visio', 'Cost management', 'Analysis skills', ""Bachelor's degree"", 'High school diploma or GED']"
Sr. MES Engineer (MBR Designer),"$99,000 - $140,000 a year",99000 , 140000,"['Business analysis', 'Communication skills']"
IT Business Analyst,"Estimated: $100,000 - $130,000 a year",100000 , 130000,"['PMP', 'Microsoft Excel', 'Budgeting', 'Microsoft Powerpoint', 'Certified Defense Financial Manager', ""Bachelor's degree"", ""Master's degree""]"
IT Business Analyst,"Estimated: $100,000 - $130,000 a year",100000 , 130000,"['Project management', 'PMP', 'ERP systems', 'Business analysis', 'Scrum']"
Business Analyst,"Estimated: $100,000 - $140,000 a year",100000 , 140000,"['Writing skills', 'Project management', 'ERP systems', 'Oracle', 'Business analysis']"
ERP Analyst,"Estimated: $100,000 - $140,000 a year",100000 , 140000,"['Project management', 'PMP', 'Jira', 'ERP systems', 'Business analysis', ""Bachelor's degree""]"
Senior Solutions Engineer,"Estimated: $100,000 - $140,000 a year",100000 , 140000,"['Power BI', 'SQL', 'Microsoft Excel', 'Sales', 'ERP systems', ""Bachelor's degree""]"
Advisor Application Designer,"Estimated: $110,000 - $140,000 a year",110000 , 140000,"['Analysis skills', 'Computer skills', 'Business analysis', 'System design', 'Presentation skills', ""Bachelor's degree""]"
Business Analyst,"Estimated: $110,000 - $140,000 a year",110000 , 140000,"['Six Sigma Certification', 'Power BI', 'Data modeling', 'Azure', 'Data visualization', ""Bachelor's degree""]"
IT Business Analyst,"Estimated: $110,000 - $150,000 a year",110000 , 150000,"['Accounting', 'Analysis skills', 'Leadership', 'Oracle', 'Business analysis', ""Bachelor's degree""]"
Orcle Pro Funct Spec L1- A,"Estimated: $110,000 - $150,000 a year",110000 , 150000,"['Requirements gathering', 'Business analysis', 'Microsoft Powerpoint', 'Oracle EBS', 'Visio', ""Bachelor's degree""]"
ERP Analyst,"Estimated: $110,000 - $160,000 a year",110000 , 160000,"['Requirements gathering', 'Microsoft Powerpoint', 'Oracle EBS', 'Visio', 'Business requirements', ""Bachelor's degree""]"
Sr. Staff SAP PP Analyst,"Estimated: $110,000 - $160,000 a year",110000 , 160000,"['Analysis skills', 'Manufacturing', 'Business analysis', 'SAP ERP', 'SAP Supply Chain Management', 'Bachelor of Science', ""Bachelor's degree""]"
IT Business Analyst,"Estimated: $110,000 - $160,000 a year",110000 , 160000,"['Project management', 'Web development', 'Database management', 'Power BI', '.NET']"
IT Business Analyst,"Estimated: $120,000 - $170,000 a year",120000 , 170000,"['Software deployment', 'Agile', 'Manufacturing', 'Supply chain', 'Business analysis', ""Bachelor's degree""]"
IT Business Analyst,"Estimated: $130,000 - $170,000 a year",130000 , 170000,"['Analysis skills', 'Database management', 'SQL', 'Business analysis', 'SAP Materials Management', ""Bachelor's degree""]"
IT Business Analyst,"Estimated: $130,000 - $180,000 a year",130000 , 180000,"['Product demos', 'Cloud architecture', 'Business analysis', 'Management consulting', 'Accounts payable', 'Bachelor of Science', ""Bachelor's degree"", ""Master's degree""]"
ERP Analyst,"Estimated: $130,000 - $180,000 a year",130000 , 180000,"['Accounting', 'Power BI', 'Azure', 'Microsoft Excel', 'Scrum', ""Bachelor's degree"", ""Master's degree""]"
Business Analyst,"Estimated: $140,000 - $170,000 a year",140000 , 170000,"['Six Sigma Certification', 'Lean Six Sigma Certification', 'Microsoft Excel', 'CCBA', 'Business process modeling', ""Bachelor's degree""]"
Operations Analyst,"Estimated: $140,000 - $170,000 a year",140000 , 170000,"['Project planning', 'Primavera', 'Analysis skills', 'Manufacturing', 'ERP systems', ""Bachelor's degree"", ""Master's degree""]"
Operations Analyst,"Estimated: $36,000 - $49,000 a year",36000 , 49000,"['Ellucian', ""Driver's License"", 'ERP systems']"
Business Analyst,"Estimated: $37,000 - $53,000 a year",37000 , 53000,"['Analysis skills', 'Power BI', 'Relational databases', 'SQL', 'Microsoft Excel', ""Bachelor's degree""]"
Business Analyst,"Estimated: $38,000 - $55,000 a year",38000 , 55000,"['Communication skills', 'IT', 'Microsoft Office', 'Organizational skills', 'Analysis skills', ""Bachelor's degree""]"
Business Apps Analyst I,"Estimated: $41,000 - $52,000 a year",41000 , 52000,"['Analysis skills', 'Human resources', 'IT', ""Bachelor's degree"", 'High school diploma or GED', ""Associate's degree""]"
Data Analyst,"Estimated: $42,000 - $58,000 a year",42000 , 58000,"['Power BI', 'VBA', 'Microsoft Excel', 'SAS', 'Microsoft Powerpoint', ""Bachelor's degree""]"
Sales Analyst,"Estimated: $42,000 - $59,000 a year",42000 , 59000,"['Customer service', 'Microsoft Excel', 'Sales', 'SharePoint', 'Food service', ""Bachelor's degree"", 'High school diploma or GED']"
Operations Analyst,"Estimated: $46,000 - $67,000 a year",46000 , 67000,"['Project management', 'Accounting', 'Analysis skills', 'Financial management', 'Customer service', ""Bachelor's degree""]"
Business Analyst,"Estimated: $47,000 - $65,000 a year",47000 , 65000,"['Accounting', 'SQL', 'Microsoft Excel', 'ERP systems', 'Microsoft Powerpoint', ""Bachelor's degree""]"
Business Analyst,"Estimated: $48,000 - $69,000 a year",48000 , 69000,"['Power BI', 'Data structures', 'Business analysis']"
Business Analyst,"Estimated: $49,000 - $64,000 a year",49000 , 64000,"['Manufacturing', 'Microsoft Excel', 'Windows', 'ERP systems', 'Data collection', ""Bachelor's degree""]"
Sales Analyst,"Estimated: $50,000 - $65,000 a year",50000 , 65000,"['Project management', 'Analysis skills', 'Computer skills', 'ERP systems', 'Account management', ""Bachelor's degree""]"
IT Business Analyst,"Estimated: $50,000 - $68,000 a year",50000 , 68000,"['Project management', 'Analysis skills', 'SQL', 'Jira', 'Business analysis', 'High school diploma or GED', ""Associate's degree""]"
Business Analyst,"Estimated: $50,000 - $72,000 a year",50000 , 72000,"['Power BI', 'Customer service', 'SQL', 'Microsoft Excel', 'Business analysis', 'Bachelor of Science', ""Bachelor's degree"", 'High school diploma or GED']"
CUBE - Logistics Transportation Planner (Contract),"Estimated: $51,000 - $71,000 a year",51000 , 71000,"['Communication skills', 'Manufacturing', 'Customer service', 'Microsoft Excel', 'Transportation management systems', ""Bachelor's degree""]"
International Business Compliance Analyst,"Estimated: $52,000 - $67,000 a year",52000 , 67000,"['Project management', 'Accounting', 'Customer service', 'ERP systems', 'System design', ""Bachelor's degree""]"
Business Analyst,"Estimated: $52,000 - $72,000 a year",52000 , 72000,"['Human resources', 'SAP SuccessFactors', 'Computer skills', 'SAP ERP', 'HRIS', ""Bachelor's degree""]"
Business Systems Analyst,"Estimated: $53,000 - $69,000 a year",53000 , 69000,"['Word processing', 'Computer skills', 'Data analytics', 'Communication skills', 'Data management']"
Sales Analyst,"Estimated: $53,000 - $69,000 a year",53000 , 69000,"['Microsoft Excel', 'ERP systems', 'SAP ERP', 'Microsoft Powerpoint', 'Presentation skills', ""Bachelor's degree"", 'High school diploma or GED']"
Operations Analyst,"Estimated: $53,000 - $71,000 a year",53000 , 71000,"['Communication skills', 'Microsoft Excel', 'ERP systems', 'Microsoft Powerpoint', 'Presentation skills', ""Bachelor's degree""]"
Operations Analyst,"Estimated: $53,000 - $73,000 a year",53000 , 73000,"['Analysis skills', 'Lean', 'Data analysis skills', 'Process mapping', 'Quantitative analysis', ""Bachelor's degree""]"
Business Analyst,"Estimated: $53,000 - $74,000 a year",53000 , 74000,"['Food industry', 'Communication skills', 'Microsoft Excel', 'Windows', 'High school diploma or GED']"
Manager Business Relationship,"Estimated: $53,000 - $74,000 a year",53000 , 74000,"['Project management', 'Accounting', 'Information management', 'Negotiation', 'ERP systems', ""Bachelor's degree""]"
Financial Analyst,"Estimated: $54,000 - $67,000 a year",54000 , 67000,"['Microsoft Excel', 'Negotiation', 'Conflict management', 'HR sourcing', 'Logistics']"
Sales Analyst,"Estimated: $54,000 - $71,000 a year",54000 , 71000,"['Power BI', 'SQL', 'VBA', 'Microsoft Excel', 'Tableau']"
Business Analyst,"Estimated: $54,000 - $73,000 a year",54000 , 73000,"['Accounting', 'Analysis skills', 'Lawson', 'Payroll', 'Microsoft Excel', ""Bachelor's degree""]"
IT Business Analyst,"Estimated: $54,000 - $74,000 a year",54000 , 74000,"['Power BI', 'Microsoft Excel', 'Product management', 'Digital marketing', 'Google Analytics Certification', ""Bachelor's degree""]"
IT Business Analyst,"Estimated: $54,000 - $74,000 a year",54000 , 74000,"['Project management', 'SQL', 'Tableau', 'ERP systems', 'Business analysis', ""Bachelor's degree""]"
Business Analyst,"Estimated: $54,000 - $76,000 a year",54000 , 76000,"['Manufacturing', 'SQL', 'Communication skills', 'SyteLine', 'Analysis skills', ""Bachelor's degree""]"
Operations Analyst,"Estimated: $55,000 - $71,000 a year",55000 , 71000,"['Order fulfillment', 'Microsoft Excel', 'Tableau', 'Pricing', 'Google Suite', ""Bachelor's degree""]"
Operations Analyst,"Estimated: $55,000 - $74,000 a year",55000 , 74000,"['Analysis skills', ""Bachelor's degree""]"
Operations Analyst,"Estimated: $55,000 - $78,000 a year",55000 , 78000,"['Warehouse management', 'Relational databases', 'SQL', 'Microsoft Excel', 'SAP Supply Chain Management', 'Bachelor of Science', ""Bachelor's degree"", ""Associate's degree""]"
Business Systems Analyst,"Estimated: $55,000 - $80,000 a year",55000 , 80000,"['Power BI', 'SQL', 'Microsoft Dynamics 365', 'Remote access software', 'VBA', ""Bachelor's degree""]"
Operations Analyst,"Estimated: $56,000 - $74,000 a year",56000 , 74000,"['JD Edwards', 'Manufacturing', 'SQL', 'Microsoft Excel', 'ERP systems', ""Bachelor's degree""]"
ERP Analyst,"Estimated: $56,000 - $75,000 a year",56000 , 75000,"['Warehouse management', 'Power BI', 'Microsoft Excel', 'ERP systems', 'Microsoft Powerpoint', ""Bachelor's degree""]"
IT Business Analyst,"Estimated: $56,000 - $77,000 a year",56000 , 77000,"['Technical writing', 'Software troubleshooting', 'Bachelor of Science', ""Bachelor's degree""]"
Sales Analyst,"Estimated: $56,000 - $77,000 a year",56000 , 77000,"['Manufacturing', 'Customer service', 'Microsoft Excel', 'SAP', 'ERP systems', ""Bachelor's degree""]"
"Analyst, eCommerce Business","Estimated: $56,000 - $78,000 a year",56000 , 78000,"['Communication skills', 'Microsoft Excel', 'E-commerce', 'Sales', 'ERP systems', ""Bachelor's degree""]"
ERP Analyst,"Estimated: $56,000 - $78,000 a year",56000 , 78000,"['Payroll', 'SAP S/4HANA', 'SAP', 'Accounts payable', 'Cost accounting', ""Bachelor's degree""]"
Sales Analyst,"Estimated: $56,000 - $79,000 a year",56000 , 79000,"['Analysis skills', 'Power BI', 'Manufacturing', 'SQL', 'Microsoft Excel', ""Bachelor's degree""]"
IT Business Analyst,"Estimated: $57,000 - $73,000 a year",57000 , 73000,"['Accounting', 'Microsoft Excel', 'SAP', 'Microsoft Powerpoint', 'Microsoft Outlook', ""Bachelor's degree""]"
Financial Analyst,"Estimated: $57,000 - $77,000 a year",57000 , 77000,"['Microsoft Outlook', 'Communication skills', 'Manufacturing', 'Microsoft Excel', 'ERP systems']"
Operations Analyst,"Estimated: $57,000 - $78,000 a year",57000 , 78000,"['Power BI', 'Microsoft Excel', 'Data visualization', 'Communication skills', 'Database administration', ""Bachelor's degree""]"
Operations Analyst,"Estimated: $57,000 - $79,000 a year",57000 , 79000,"['Project management', 'Accounting', 'Analysis skills', 'SQL', 'Microsoft Excel']"
Business Analyst,"Estimated: $57,000 - $80,000 a year",57000 , 80000,"['Accounting', 'Cost accounting', 'Construction estimating', 'Manufacturing', 'Microsoft Excel', ""Bachelor's degree""]"
Sales Analyst,"Estimated: $57,000 - $83,000 a year",57000 , 83000,"['Writing skills', 'EDI', 'Customer service', 'Microsoft Excel', 'ERP systems', ""Bachelor's degree""]"
Operations Analyst,"Estimated: $58,000 - $74,000 a year",58000 , 74000,"['Wills, trusts, & estate law', 'Microsoft Excel', 'Cash application', 'Analysis skills', 'Tableau']"
Sales Analyst,"Estimated: $58,000 - $77,000 a year",58000 , 77000,"['Analysis skills', 'Microsoft Excel', 'ERP systems', 'Budgeting', 'Microsoft Powerpoint', ""Bachelor's degree""]"
Operations Analyst,"Estimated: $58,000 - $79,000 a year",58000 , 79000,"['Project management', 'Analysis skills', 'Microsoft Excel', 'SharePoint', 'VoIP', ""Bachelor's degree""]"
Business Systems Analyst,"Estimated: $59,000 - $74,000 a year",59000 , 74000,"['JD Edwards', 'Relational databases', 'SQL', 'Microsoft Excel', 'ERP systems', ""Bachelor's degree""]"
Operations Analyst,"Estimated: $59,000 - $74,000 a year",59000 , 74000,"['Communication skills', ""Bachelor's degree""]"
Operations Analyst,"Estimated: $59,000 - $77,000 a year",59000 , 77000,"['Microsoft Excel', 'ERP systems', ""Bachelor's degree""]"
Sales Analyst,"Estimated: $59,000 - $79,000 a year",59000 , 79000,"['Communication skills', 'Microsoft Excel', 'ERP systems', 'Oracle', 'SOX', ""Bachelor's degree""]"
Financial Analyst,"Estimated: $59,000 - $80,000 a year",59000 , 80000,"['Analysis skills', 'ERP systems', 'Business analysis', 'Hyperion', 'Financial modeling', ""Bachelor's degree""]"
Business Analyst,"Estimated: $59,000 - $83,000 a year",59000 , 83000,"['Supply chain management', 'SQL', 'ERP systems', 'Oracle', 'PL/SQL', ""Bachelor's degree"", ""Master's degree""]"
Accountant,"Estimated: $59,000 - $84,000 a year",59000 , 84000,"['Word processing', 'Accounting', '10 key typing', 'Teaching', 'Certified Management Accountant', ""Bachelor's degree"", ""Master's degree""]"
Business Analyst,"Estimated: $59,000 - $86,000 a year",59000 , 86000,"['Microsoft Access', 'Manufacturing', 'SQL', 'SSIS', 'SAP ERP', ""Bachelor's degree""]"
IT Business Analyst,"Estimated: $59,000 - $87,000 a year",59000 , 87000,"['ERP systems', 'Computer networking', 'Oracle', 'Business analysis', 'Microsoft Office', ""Bachelor's degree""]"
Business Systems Analyst,"Estimated: $60,000 - $77,000 a year",60000 , 77000,"['Customer service', 'SQL', 'ERP systems', 'Application support', 'Software troubleshooting', ""Bachelor's degree""]"
Business Systems Analyst,"Estimated: $60,000 - $78,000 a year",60000 , 78000,"['ERP systems', 'Communication skills', 'Analysis skills', 'High school diploma or GED']"
IT Business Analyst,"Estimated: $60,000 - $81,000 a year",60000 , 81000,"['SAP Materials Management', 'Project management', 'EDI', 'SAP ERP', 'Microsoft Office', ""Bachelor's degree"", 'Bachelor of Arts']"
IT Business Analyst,"Estimated: $60,000 - $82,000 a year",60000 , 82000,"['Analysis skills', 'Customer service', 'Microsoft Excel', 'ERP systems', 'Business analysis', ""Bachelor's degree""]"
Business Analyst,"Estimated: $60,000 - $85,000 a year",60000 , 85000,"['Analysis skills', 'Power BI', 'Microsoft Excel', 'ERP systems', 'Oil & gas', ""Bachelor's degree"", ""Master's degree""]"
Business Systems Analyst,"Estimated: $61,000 - $80,000 a year",61000 , 80000,"['Manufacturing', 'Microsoft Excel', 'ERP systems', 'DevOps', 'Communication skills']"
Business Analyst,"Estimated: $61,000 - $81,000 a year",61000 , 81000,"['Product development', 'Communication skills', 'Agile', 'SQL', 'Business requirements', ""Bachelor's degree""]"
Accountant,"Estimated: $61,000 - $84,000 a year",61000 , 84000,"['Accounting', 'General ledger reconciliation', 'Microsoft Excel', 'Microsoft Powerpoint', 'Communication skills', ""Bachelor's degree"", ""Master's degree""]"
Business Analyst,"Estimated: $61,000 - $85,000 a year",61000 , 85000,"['Communication skills', 'Analytics', 'Microsoft Excel', 'Business management', 'Data structures', ""Bachelor's degree""]"
Business Analyst,"Estimated: $61,000 - $86,000 a year",61000 , 86000,"['Power BI', 'SQL', 'UML', 'Microsoft Excel', 'Business analysis', 'Bachelor of Science', ""Bachelor's degree""]"
IT Business Analyst,"Estimated: $61,000 - $89,000 a year",61000 , 89000,"['Manufacturing', 'Microsoft Excel', 'ERP systems', 'Business analysis', 'Microsoft Powerpoint', ""Bachelor's degree""]"
Business Analyst,"Estimated: $62,000 - $78,000 a year",62000 , 78000,"['Power BI', 'Cognos', 'Manufacturing', 'SQL', 'Microsoft Excel', ""Bachelor's degree""]"
Business Analyst,"Estimated: $62,000 - $81,000 a year",62000 , 81000,"['Microsoft Access', 'JD Edwards', 'Microsoft Excel', 'Sales', 'Database development', ""Bachelor's degree""]"
Business Analyst,"Estimated: $62,000 - $82,000 a year",62000 , 82000,"['Leadership', 'Communication skills', 'Data analysis skills', 'QlikView', 'Microsoft Office', ""Bachelor's degree""]"
Business Systems Analyst,"Estimated: $62,000 - $84,000 a year",62000 , 84000,"['Power BI', 'ERP systems', 'Business analysis', 'System testing', 'Business intelligence', ""Bachelor's degree""]"
Business Systems Analyst,"Estimated: $62,000 - $85,000 a year",62000 , 85000,"['Microsoft Excel', 'Data management', 'Salesforce', 'Time management', ""Bachelor's degree""]"
Business Systems Analyst,"Estimated: $62,000 - $87,000 a year",62000 , 87000,"['Manufacturing', 'SQL', 'ERP systems', 'Analysis skills', 'Customer service', ""Bachelor's degree""]"
IT Business Analyst,"Estimated: $62,000 - $87,000 a year",62000 , 87000,"['Supply chain management', 'Manufacturing', 'Customer service', 'SQL', 'ERP systems', ""Bachelor's degree""]"
Business Analyst,"Estimated: $62,000 - $88,000 a year",62000 , 88000,"[""Driver's License"", ""Bachelor's degree"", ""Associate's degree""]"
HRIS Reporting Analyst,"Estimated: $62,000 - $89,000 a year",62000 , 89000,"['Requirements gathering', 'Microsoft Excel', 'ERP systems', 'SAP BusinessObjects', 'Communication skills', ""Bachelor's degree""]"
Business Systems Analyst,"Estimated: $63,000 - $81,000 a year",63000 , 81000,"['Relational databases', 'ERP systems', 'SAP ERP', 'Communication skills', ""Bachelor's degree""]"
Data Analyst,"Estimated: $63,000 - $82,000 a year",63000 , 82000,"['Manufacturing', 'SQL', 'Microsoft Excel', 'ERP systems', 'Data visualization', ""Bachelor's degree""]"
IT Business Analyst,"Estimated: $63,000 - $84,000 a year",63000 , 84000,"['Project management', 'ERP systems', 'NetSuite', 'Communication skills', 'Oracle']"
Financial Analyst,"Estimated: $63,000 - $85,000 a year",63000 , 85000,"['Accounting', 'Analysis skills', 'Power BI', 'Cognos', 'Tableau', ""Bachelor's degree""]"
Business Analyst,"Estimated: $63,000 - $88,000 a year",63000 , 88000,"['Project management', 'Supply chain', 'Business analysis', 'Communication skills', 'Oracle', ""Bachelor's degree""]"
Sales Analyst,"Estimated: $63,000 - $89,000 a year",63000 , 89000,"['Analysis skills', 'Manufacturing', 'Analytics', 'CPIM', 'Sales', ""Bachelor's degree""]"
ERP Analyst,"Estimated: $63,000 - $89,000 a year",63000 , 89000,"['Microsoft Access', 'Manufacturing', 'SQL', 'Sanitation', 'SharePoint', ""Bachelor's degree"", ""Master's degree""]"
Operations Analyst,"Estimated: $63,000 - $90,000 a year",63000 , 90000,"['Manufacturing', 'Microsoft Excel', 'ERP systems', 'Data visualization', 'Data collection', ""Bachelor's degree"", ""Master's degree"", 'Master of Business Administration']"
Business Systems Analyst,"Estimated: $64,000 - $83,000 a year",64000 , 83000,"['Writing skills', 'JD Edwards', 'Computer literacy', 'JSON', 'Computer skills']"
IT Business Analyst,"Estimated: $64,000 - $83,000 a year",64000 , 83000,"['Change management', 'Manufacturing', 'Azure', 'SQL', 'ERP systems']"
IT Business Analyst,"Estimated: $64,000 - $86,000 a year",64000 , 86000,"['Project management', 'Analysis skills', 'Workday', 'SAP ERP', 'Communication skills', ""Bachelor's degree""]"
FP&A Analyst,"Estimated: $64,000 - $87,000 a year",64000 , 87000,"['Accounting', 'ERP systems', 'Business analysis', 'Microsoft Dynamics Navision', ""Bachelor's degree""]"
ERP Analyst,"Estimated: $64,000 - $87,000 a year",64000 , 87000,"['Requirements gathering', 'Relational databases', 'Manufacturing', 'SQL', 'Microsoft Excel', ""Bachelor's degree"", ""Master's degree""]"
Workday Reporting Specialist-Remote Eligible,"Estimated: $64,000 - $88,000 a year",64000 , 88000,"['Writing skills', 'Project management', 'Analysis skills', 'SQL', 'Workday', ""Bachelor's degree""]"
ERP Analyst,"Estimated: $64,000 - $91,000 a year",64000 , 91000,"['Project management', 'Cognos', 'SQL', 'Workday', 'ERP systems', ""Bachelor's degree"", ""Associate's degree""]"
ERP Analyst,"Estimated: $65,000 - $86,000 a year",65000 , 86000,"['Sage', 'Communication skills', 'NetSuite', ""Bachelor's degree""]"
Business Systems Analyst,"Estimated: $65,000 - $87,000 a year",65000 , 87000,"['Software troubleshooting', 'Project management', 'IT', 'Project management methodology', ""Bachelor's degree"", 'High school diploma or GED']"
Business Analyst,"Estimated: $65,000 - $88,000 a year",65000 , 88000,"['ERP systems', 'Salesforce Certification', 'Salesforce', 'Enterprise software', 'IIBA Certification', 'Bachelor of Science', ""Bachelor's degree""]"
Business Analyst,"Estimated: $65,000 - $88,000 a year",65000 , 88000,"['Six Sigma Certification', 'Manufacturing', 'SAP S/4HANA', 'Lean Six Sigma Certification', 'Microsoft Excel', 'Bachelor of Science', ""Bachelor's degree""]"
Business Systems Analyst,"Estimated: $65,000 - $91,000 a year",65000 , 91000,"['Microsoft Dynamics GP', 'SQL', '.NET', 'Software troubleshooting', 'Warehouse management system', ""Bachelor's degree""]"
IT Business Analyst,"Estimated: $65,000 - $91,000 a year",65000 , 91000,"['Project management', 'Analysis skills', 'EDI', 'Customer service', 'ERP systems', ""Bachelor's degree"", ""Associate's degree""]"
Business Analyst,"Estimated: $65,000 - $93,000 a year",65000 , 93000,"['Microsoft Access', 'Accounting', 'JD Edwards', 'Microsoft Excel', 'Computer skills', ""Bachelor's degree""]"
Business Systems Analyst,"Estimated: $65,000 - $94,000 a year",65000 , 94000,"['Communication skills', 'Research', 'Workday', 'ERP systems', 'Data analysis skills', ""Associate's degree""]"
IT Business Analyst,"Estimated: $65,000 - $96,000 a year",65000 , 96000,"['Microsoft Access', 'Microsoft Excel', 'SOX', 'Microsoft Powerpoint', 'Visio', ""Bachelor's degree"", ""Master's degree""]"
Sales Analyst,"Estimated: $66,000 - $85,000 a year",66000 , 85000,"['Project management', 'Analysis skills', 'Microsoft Excel', 'SAP', 'Microsoft Powerpoint', ""Bachelor's degree""]"
Sales Analyst,"Estimated: $66,000 - $86,000 a year",66000 , 86000,"['Data analytics', 'Communication skills', 'Microsoft Excel', 'ERP systems', 'Business analysis', ""Bachelor's degree""]"
Business Systems Analyst,"Estimated: $66,000 - $87,000 a year",66000 , 87000,"['Accounting', 'Power BI', 'SSIS', 'Microsoft Dynamics Navision', 'SSRS', ""Bachelor's degree""]"
Executive Assistant to the CEO,"Estimated: $66,000 - $88,000 a year",66000 , 88000,"['Accounting', 'Communication skills', 'Office management', 'Microsoft Office', 'Recruiting', 'Master of Business Administration', ""Master's degree""]"
IT Business Analyst,"Estimated: $66,000 - $90,000 a year",66000 , 90000,"['ERP systems', 'Excavator', 'SAP ERP', 'SAP Materials Management', 'Marketing', ""Bachelor's degree""]"
Business Analyst,"Estimated: $66,000 - $90,000 a year",66000 , 90000,"['SQL', 'Pricing', 'Oracle', 'PL/SQL', ""Bachelor's degree"", ""Master's degree""]"
Sales Analyst,"Estimated: $66,000 - $90,000 a year",66000 , 90000,"['ERP systems', 'Customer relationship management', 'System design', 'Business analysis', 'Presentation skills', ""Bachelor's degree"", ""Associate's degree""]"
IT Business Analyst,"Estimated: $66,000 - $92,000 a year",66000 , 92000,"['Project management', 'Accounting', 'Business analysis', 'Communication skills', 'Agile']"
Business Process Analyst,"Estimated: $66,000 - $94,000 a year",66000 , 94000,"['Project management', 'Analysis skills', 'Power BI', 'System design', 'Data collection', ""Bachelor's degree""]"
Pricing Specialist,"Estimated: $66,000 - $95,000 a year",66000 , 95000,"['Accounting', 'Manufacturing', 'Financial management', 'Microsoft Excel', 'Communication skills', 'Bachelor of Science', ""Bachelor's degree""]"
Business Systems Analyst,"Estimated: $67,000 - $86,000 a year",67000 , 86000,"['Analysis skills', 'Microsoft Dynamics GP', 'SQL', 'Data collection', 'Financial acumen', ""Bachelor's degree""]"
Sales Analyst,"Estimated: $67,000 - $86,000 a year",67000 , 86000,"['Analysis skills', 'Microsoft Excel', 'Computer skills', 'Business analysis', 'Microsoft Powerpoint', ""Bachelor's degree""]"
Business Process Analyst,"Estimated: $67,000 - $87,000 a year",67000 , 87000,"['Project management', 'Accounting', 'Power BI', 'Microsoft Excel', 'ERP systems', ""Bachelor's degree""]"
Business Systems Analyst,"Estimated: $67,000 - $89,000 a year",67000 , 89000,"['Project management', 'Customer service', 'Jira', 'IT project management', 'Scrum', ""Bachelor's degree""]"
FP&A Analyst,"Estimated: $67,000 - $92,000 a year",67000 , 92000,"['Analysis skills', 'Power BI', 'Leadership', 'Microsoft Excel', 'ERP systems', ""Bachelor's degree""]"
Financial Analyst,"Estimated: $67,000 - $93,000 a year",67000 , 93000,"['Microsoft Access', 'Project management', 'Accounting', 'Analysis skills', 'Data governance', ""Bachelor's degree""]"
Operations Analyst,"Estimated: $67,000 - $95,000 a year",67000 , 95000,"['Analysis skills', 'Cost accounting', 'Manufacturing', 'Root cause analysis', 'ERP systems', 'Bachelor of Science', ""Bachelor's degree""]"
Business Analyst,"Estimated: $67,000 - $99,000 a year",67000 , 99000,"['Tableau', 'Business analysis', ""Bachelor's degree""]"
Business Analyst,"Estimated: $68,000 - $100,000 a year",68000 , 100000,"['Writing skills', 'Accounting', 'Analysis skills', 'Cost accounting', 'Customer service', ""Bachelor's degree""]"
Business Analyst,"Estimated: $68,000 - $89,000 a year",68000 , 89000,"['Requirements gathering', 'Power BI', 'Microsoft Excel', 'SAP', 'ERP systems', ""Bachelor's degree""]"
Business Process Analyst,"Estimated: $68,000 - $90,000 a year",68000 , 90000,"['Project management', 'Accounting', 'Power BI', 'Microsoft Excel', 'ERP systems', ""Bachelor's degree""]"
Operations Analyst,"Estimated: $68,000 - $93,000 a year",68000 , 93000,"['Accounting', 'Microsoft Excel', 'Governmental accounting', 'Communication skills', 'Organizational skills', ""Bachelor's degree""]"
Sales Analyst,"Estimated: $68,000 - $95,000 a year",68000 , 95000,"['Manufacturing', 'Microsoft Excel', 'Sales', 'ERP systems', 'Microsoft Powerpoint', 'Bachelor of Science', ""Bachelor's degree"", 'Bachelor of Arts']"
IT Business Analyst,"Estimated: $69,000 - $100,000 a year",69000 , 100000,"['Manufacturing', 'Scrum', 'Communication skills', 'Agile', 'Business requirements', ""Bachelor's degree"", ""Associate's degree""]"
PMA-299 Program Analyst-Senior (GFE) (23-001),"Estimated: $69,000 - $91,000 a year",69000 , 91000,"['ERP systems', 'Business analysis', 'Program management', 'Bachelor of Science', ""Bachelor's degree"", ""Associate's degree""]"
Business Analyst,"Estimated: $69,000 - $92,000 a year",69000 , 92000,"['Power BI', 'Manufacturing', 'SQL', 'Microsoft Excel', 'Communication skills', ""Bachelor's degree""]"
ERP Analyst,"Estimated: $69,000 - $95,000 a year",69000 , 95000,"['SQL', 'ERP systems', 'Visual Studio', 'Crystal Reports', 'Project management', ""Bachelor's degree""]"
Business Analyst,"Estimated: $70,000 - $92,000 a year",70000 , 92000,['SyteLine']
IT Business Analyst,"Estimated: $70,000 - $93,000 a year",70000 , 93000,"['Analysis skills', 'Communication skills', 'ERP systems', 'Business analysis', 'Process improvement', ""Bachelor's degree""]"
Business Systems Analyst,"Estimated: $70,000 - $94,000 a year",70000 , 94000,"['Workday', 'ERP systems', 'Data structures', 'Organizational skills', ""Bachelor's degree""]"
Business Technology Analyst,"Estimated: $70,000 - $96,000 a year",70000 , 96000,"['Change management', 'Project management', 'Relational databases', 'Microsoft Excel', 'jQuery', 'Bachelor of Science', ""Bachelor's degree""]"
Sr. Business Cost Analyst,"Estimated: $70,000 - $99,000 a year",70000 , 99000,"['SAP ERP', ""Bachelor's degree""]"
ERP Analyst,"Estimated: $71,000 - $100,000 a year",71000 , 100000,"['Project management', 'Sage', 'Manufacturing', 'Certified Project Manager', 'ERP systems', 'Bachelor of Science', ""Bachelor's degree""]"
Business Analyst,"Estimated: $71,000 - $100,000 a year",71000 , 100000,"['Financial modeling', 'Accounting', 'Analysis skills', 'Lawson', 'ERP systems', ""Bachelor's degree"", ""Master's degree""]"
Business Requirements Analyst,"Estimated: $71,000 - $91,000 a year",71000 , 91000,"['Project management', 'Analysis skills', 'Autodesk', 'Customer service', 'Workday', ""Bachelor's degree""]"
Business Analyst,"Estimated: $71,000 - $92,000 a year",71000 , 92000,"['Microsoft Access', 'Project management', 'Logistics', 'Communication skills', 'SQL', ""Bachelor's degree""]"
Business Analyst,"Estimated: $71,000 - $95,000 a year",71000 , 95000,"['Project management', 'Analysis skills', 'Relational databases', 'Azure', 'ERP systems']"
Financial Analyst,"Estimated: $72,000 - $100,000 a year",72000 , 100000,"['Accounting', 'Manufacturing', 'SAP Manufacturing', 'Microsoft Excel', 'ERP systems', ""Bachelor's degree""]"
Infor Business Consultant Syteline - Remote + 50% Travel,"Estimated: $72,000 - $96,000 a year",72000 , 96000,"['SyteLine', 'Analysis skills', 'Manufacturing', 'Customer service', 'CPIM', ""Bachelor's degree""]"
Financial Analyst,"Estimated: $72,000 - $96,000 a year",72000 , 96000,"['Accounting', 'Manufacturing', 'Microsoft Excel', 'Communication skills', 'CPA', ""Bachelor's degree"", 'Master of Business Administration', ""Master's degree""]"
Business Systems Analyst,"Estimated: $72,000 - $98,000 a year",72000 , 98000,"['Requirements gathering', 'Accounting', 'Microsoft Excel', 'ERP systems', 'NetSuite', ""Master's degree""]"
Business Systems Analyst,"Estimated: $72,000 - $98,000 a year",72000 , 98000,"['Power BI', 'SQL', 'ERP systems', 'Writing skills', 'SharePoint']"
Business Analyst,"Estimated: $72,000 - $99,000 a year",72000 , 99000,"['Writing skills', 'ERP systems', 'Communication skills']"
Business Analyst,"Estimated: $73,000 - $100,000 a year",73000 , 100000,"['Supplier management', 'Project management', 'Analysis skills', 'EDI', 'Microsoft Excel', ""Bachelor's degree""]"
ERP Analyst,"Estimated: $73,000 - $110,000 a year",73000 , 110000,"['Manufacturing', 'Azure', 'PCI', 'HIPAA', 'Communication skills', ""Bachelor's degree""]"
Data Analyst,"Estimated: $73,000 - $90,000 a year",73000 , 90000,"['Power BI', 'Microsoft Excel', 'Windows', 'Computer skills', 'ERP systems', ""Bachelor's degree""]"
Business Systems Analyst,"Estimated: $73,000 - $93,000 a year",73000 , 93000,"['Power BI', 'Relational databases', 'SQL', 'ERP systems', 'System design', 'Bachelor of Science', ""Bachelor's degree""]"
Business Systems Analyst,"Estimated: $73,000 - $95,000 a year",73000 , 95000,"['Project management', 'Communication skills', 'Oracle', 'Process improvement', ""Bachelor's degree""]"
Business Systems Analyst,"Estimated: $73,000 - $97,000 a year",73000 , 97000,"['Bank Secrecy Act', 'Oracle HCM', 'Contracts', 'Oracle EBS', 'Oracle']"
Data Analyst,"Estimated: $74,000 - $100,000 a year",74000 , 100000,"['Analysis skills', 'Power BI', 'SQL', 'Data governance', 'ERP systems', ""Bachelor's degree""]"
Business Process Analyst,"Estimated: $74,000 - $110,000 a year",74000 , 110000,"['Six Sigma Certification', 'Sage', 'Analysis skills', 'Lean', 'Business process modeling', ""Bachelor's degree""]"
Business Analyst,"Estimated: $74,000 - $110,000 a year",74000 , 110000,"['Power BI', 'Team management', 'SQL', 'Microsoft Excel', 'Leadership', 'Doctoral degree', ""Master's degree"", 'Doctor of Philosophy']"
ERP Analyst,"Estimated: $74,000 - $110,000 a year",74000 , 110000,"['SAP', 'ERP systems', 'Systems analysis', 'Interviewing', 'System design', ""Bachelor's degree""]"
Business Analyst,"Estimated: $74,000 - $110,000 a year",74000 , 110000,"['Analysis skills', 'ERP systems', 'Financial planning', ""Bachelor's degree""]"
ERP Analyst,"Estimated: $74,000 - $94,000 a year",74000 , 94000,"['Analysis skills', 'Power BI', 'Relational databases', 'Manufacturing', 'SQL', 'Bachelor of Science', ""Bachelor's degree""]"
ERP Analyst,"Estimated: $74,000 - $98,000 a year",74000 , 98000,"['Accounting', 'JD Edwards', 'Manufacturing', 'Microsoft Excel', 'ERP systems', ""Bachelor's degree""]"
Business Analyst,"Estimated: $74,000 - $99,000 a year",74000 , 99000,"['Analysis skills', 'Agile', 'Analytics', 'Microsoft Excel', 'Smartsheet', ""Bachelor's degree""]"
Sales Analyst,"Estimated: $74,000 - $99,000 a year",74000 , 99000,"['Accounting', 'Analysis skills', 'Microsoft Excel', 'ERP systems', 'Customer relationship management', ""Bachelor's degree""]"
Business Analyst,"Estimated: $76,000 - $100,000 a year",76000 , 100000,"['Project management', 'Customer support', 'APICS Certification', 'MRP', 'PMP', ""Bachelor's degree"", ""Master's degree""]"
IT Business Analyst,"Estimated: $76,000 - $97,000 a year",76000 , 97000,"['Project management', 'Analysis skills', 'Customer service', 'Business analysis', 'Scrum', ""Bachelor's degree""]"
Business Analyst,"Estimated: $77,000 - $100,000 a year",77000 , 100000,"['ERP systems', 'Financial analysis']"
ERP Analyst,"Estimated: $77,000 - $100,000 a year",77000 , 100000,"['Payroll', 'Microsoft Excel', 'SAP', 'Organizational skills', 'Business analysis', ""Bachelor's degree""]"
Financial Analyst,"Estimated: $77,000 - $100,000 a year",77000 , 100000,"['Accounting', 'Manufacturing', 'Microsoft Excel', 'Windows', 'ERP systems', ""Bachelor's degree"", 'Master of Business Administration', ""Master's degree""]"
Financial Analyst,"Estimated: $77,000 - $100,000 a year",77000 , 100000,"['Software troubleshooting', 'Project management', 'Accounting', 'Analysis skills', 'Oracle', ""Bachelor's degree""]"
Business Analyst,"Estimated: $77,000 - $110,000 a year",77000 , 110000,"['Analysis skills', 'Microsoft Excel', 'ERP systems', 'Product management', 'Microsoft Powerpoint', ""Bachelor's degree""]"
Business Systems Analyst,"Estimated: $77,000 - $110,000 a year",77000 , 110000,"[""Bachelor's degree""]"
Operations Analyst,"Estimated: $77,000 - $110,000 a year",77000 , 110000,"['Writing skills', 'Vulnerability management', 'FIPS', 'Windows', 'FISMA', ""Bachelor's degree""]"
ERP Analyst,"Estimated: $77,000 - $110,000 a year",77000 , 110000,"['Manufacturing', 'Microsoft Excel', 'ERP systems', 'Microsoft Powerpoint', 'Lean manufacturing', ""Bachelor's degree""]"
Production Planning Manager,"Estimated: $78,000 - $100,000 a year",78000 , 100000,"['Lean', 'Windows', 'Assembly', 'Computer skills', 'ERP systems', ""Bachelor's degree""]"
Business Analyst,"Estimated: $78,000 - $100,000 a year",78000 , 100000,"['Analysis skills', 'Customer service', 'Microsoft Excel', 'E-commerce', 'ERP systems', ""Bachelor's degree""]"
ERP Analyst,"Estimated: $78,000 - $110,000 a year",78000 , 110000,"['Writing skills', 'Project management', 'Visio', 'Lawson', 'Microsoft Excel']"
Business Analyst,"Estimated: $78,000 - $110,000 a year",78000 , 110000,['ERP systems']
"Business Central (BC) Analyst, Power BI Developer","Estimated: $78,000 - $110,000 a year",78000 , 110000,"['Power BI', 'SQL', 'Microsoft Excel', 'SSIS', 'Communication skills', ""Bachelor's degree"", 'Master of Business Administration', ""Master's degree""]"
Business Systems Analyst,"Estimated: $78,000 - $110,000 a year",78000 , 110000,"['Accounting', 'Manufacturing', 'Supply chain', 'SQL', 'ERP systems', ""Bachelor's degree""]"
Business Systems Analyst,"Estimated: $78,000 - $110,000 a year",78000 , 110000,"['Analysis skills', 'Bank Secrecy Act', 'Communication skills', 'SDLC', 'Oracle', ""Bachelor's degree""]"
Business Systems Analyst,"Estimated: $78,000 - $110,000 a year",78000 , 110000,"['Manufacturing', 'SQL', 'Windows', 'ERP systems', 'Microsoft Project', 'Bachelor of Science', ""Bachelor's degree""]"
ERP Analyst,"Estimated: $78,000 - $110,000 a year",78000 , 110000,"['Project management', 'Analysis skills', 'Manufacturing', 'ERP systems', 'Financial report writing', 'Bachelor of Science', ""Bachelor's degree""]"
ERP Analyst,"Estimated: $78,000 - $110,000 a year",78000 , 110000,"['Information management', 'SQL', 'Payroll', 'Ceridian', 'ERP systems', ""Bachelor's degree""]"
Principal Business Performance Analyst,"Estimated: $79,000 - $100,000 a year",79000 , 100000,"['Analysis skills', 'SQL', 'ERP systems', 'C++', 'Communication skills', ""Bachelor's degree"", ""Master's degree""]"
Business Analyst,"Estimated: $79,000 - $100,000 a year",79000 , 100000,"['Project management', 'Jira', 'Waterfall', 'Business analysis', 'Business intelligence', ""Bachelor's degree""]"
Business Analyst,"Estimated: $79,000 - $110,000 a year",79000 , 110000,"['Warehouse management', 'Requirements gathering', 'Analysis skills', 'Power BI', 'SQL', ""Bachelor's degree""]"
Operations Analyst,"Estimated: $79,000 - $110,000 a year",79000 , 110000,"['Project management', 'Analysis skills', 'Microsoft Excel', 'SAP', 'ERP systems', ""Bachelor's degree""]"
Business Process Analyst,"Estimated: $79,000 - $110,000 a year",79000 , 110000,"['Requirements gathering', 'Azure', 'ERP systems', 'NetSuite', 'Application development', ""Bachelor's degree""]"
Business Systems Analyst,"Estimated: $79,000 - $110,000 a year",79000 , 110000,"['Project management', 'ERP systems', 'Accounting software', 'Process improvement', ""Bachelor's degree""]"
Business Systems Analyst,"Estimated: $79,000 - $110,000 a year",79000 , 110000,"['Project management', 'Communication skills', 'Manufacturing', 'ERP systems', 'Microsoft Office', ""Bachelor's degree""]"
Business Analyst,"Estimated: $79,000 - $110,000 a year",79000 , 110000,"['Six Sigma Certification', 'Manufacturing', 'SAP S/4HANA', 'Lean Six Sigma Certification', 'Microsoft Excel', 'Bachelor of Science', ""Bachelor's degree""]"
Business Analyst,"Estimated: $80,000 - $100,000 a year",80000 , 100000,"['Salesforce', 'Enterprise software', 'ERP systems', 'IIBA Certification', 'Bachelor of Science', ""Bachelor's degree""]"
Sales Analyst,"Estimated: $80,000 - $100,000 a year",80000 , 100000,"['Microsoft Access', 'Analysis skills', 'Power BI', 'SQL', 'Microsoft Excel', ""Bachelor's degree""]"
Business Systems Analyst,"Estimated: $80,000 - $110,000 a year",80000 , 110000,"['Supply chain management', 'Supply chain', 'SQL', 'ERP systems', 'Warehouse management system', 'Bachelor of Science', ""Bachelor's degree""]"
Data Analyst,"Estimated: $81,000 - $100,000 a year",81000 , 100000,"['Analysis skills', 'Power BI', 'SQL', 'Data governance', 'ERP systems', ""Bachelor's degree""]"
Business Systems Analyst,"Estimated: $81,000 - $110,000 a year",81000 , 110000,"['PMP', 'Customer service', 'Certified Project Manager', 'ERP systems', 'SAP ERP', 'Bachelor of Science', ""Bachelor's degree""]"
Sales Analyst,"Estimated: $81,000 - $110,000 a year",81000 , 110000,"['Microsoft Access', 'Statistical analysis', 'Analysis skills', 'Microsoft Excel', 'Nielsen', ""Bachelor's degree""]"
IT Business Analyst,"Estimated: $81,000 - $110,000 a year",81000 , 110000,"['EDI', 'Supply chain management', 'Azure', 'SQL', 'E-commerce', 'Bachelor of Science', ""Bachelor's degree""]"
Business Analyst,"Estimated: $82,000 - $110,000 a year",82000 , 110000,"['Analysis skills', 'Continuous improvement', 'Communication skills', 'E-commerce', 'Data visualization', ""Bachelor's degree""]"
Business Analyst,"Estimated: $82,000 - $120,000 a year",82000 , 120000,"['Microsoft Access', 'Analysis skills', 'SQL', 'Microsoft Excel', 'ERP systems', ""Bachelor's degree""]"
SAP Configuration Analyst,"Estimated: $82,000 - $120,000 a year",82000 , 120000,"['PMP', 'SQL', 'SAP S/4HANA', 'SAP', 'ERP systems', ""Bachelor's degree""]"
Business Analyst,"Estimated: $83,000 - $100,000 a year",83000 , 100000,"['Power BI', 'ERP systems', 'SAP ERP', 'Data visualization', 'Communication skills', 'Bachelor of Science', ""Bachelor's degree""]"
Business Analyst,"Estimated: $83,000 - $110,000 a year",83000 , 110000,"['Project management', 'Scrum', 'Continuous improvement', 'Time management']"
Business Systems Analyst,"Estimated: $83,000 - $110,000 a year",83000 , 110000,"['Unit testing', 'Manufacturing', 'Customer service', 'SAP S/4HANA', 'Sales', ""Bachelor's degree"", ""Master's degree"", 'Master of Business Administration']"
Financial Analyst,"Estimated: $83,000 - $110,000 a year",83000 , 110000,"['Analysis skills', 'Workday', 'Microsoft Excel', 'ERP systems', 'Oil & gas', 'Bachelor of Science', ""Bachelor's degree"", ""Master's degree"", 'Master of Business Administration']"
Business Analyst,"Estimated: $84,000 - $120,000 a year",84000 , 120000,"['Citrix', 'Project planning', 'iOS', 'Azure', 'VMWare', ""Bachelor's degree""]"
Business Analyst,"Estimated: $84,000 - $120,000 a year",84000 , 120000,"['Software troubleshooting', 'Communication skills', 'Manufacturing', 'SQL', 'Demand planning']"
Business Analyst,"Estimated: $85,000 - $110,000 a year",85000 , 110000,"['Analysis skills', 'ITIL Certification', 'DoD 8570', 'IT', 'UCC law', ""Bachelor's degree""]"
Business Analyst,"Estimated: $85,000 - $110,000 a year",85000 , 110000,"['Analysis skills', 'Financial management', 'Azure', 'Jira', 'Microsoft Excel', ""Bachelor's degree""]"
Business Analyst,"Estimated: $85,000 - $110,000 a year",85000 , 110000,"['Technical support', 'Crystal Reports', 'Visual Studio', 'C#', 'Microsoft SQL Server', 'Bachelor of Science', ""Bachelor's degree""]"
IT Business Analyst,"Estimated: $85,000 - $110,000 a year",85000 , 110000,"['Microsoft Access', 'Microsoft Excel', 'SOX', 'SAP Supply Chain Management', 'Microsoft Powerpoint', ""Bachelor's degree"", ""Master's degree""]"
Business Systems Analyst,"Estimated: $85,000 - $110,000 a year",85000 , 110000,"['Project management', 'Analysis skills', 'Database management', 'Relational databases', 'Supply chain', ""Bachelor's degree""]"
ERP Analyst,"Estimated: $85,000 - $110,000 a year",85000 , 110000,"['Communication skills', 'Manufacturing', 'Business analysis', ""Bachelor's degree""]"
Business Analyst,"Estimated: $85,000 - $120,000 a year",85000 , 120000,"['Analysis skills', 'Communication skills', 'ERP systems', ""Bachelor's degree""]"
ERP Analyst,"Estimated: $85,000 - $120,000 a year",85000 , 120000,"['Manufacturing', 'SQL', 'E-commerce', 'Waterfall', 'ERP systems', ""Bachelor's degree""]"
Business Systems Analyst,"Estimated: $85,000 - $120,000 a year",85000 , 120000,"['Analysis skills', 'Bank Secrecy Act', 'Full-stack development', 'Azure', 'SQL', ""Bachelor's degree""]"
ERP Analyst,"Estimated: $85,000 - $120,000 a year",85000 , 120000,"['Power BI', 'SQL', 'VBA', 'Microsoft Excel', 'SSIS', 'Bachelor of Science', ""Bachelor's degree"", 'Master of Business Administration', ""Master's degree""]"
Business Systems Analyst,"Estimated: $86,000 - $110,000 a year",86000 , 110000,"['Project management', 'Analysis skills', 'Tableau', 'Systems analysis', 'NetSuite', ""Bachelor's degree""]"
Business Analyst,"Estimated: $86,000 - $120,000 a year",86000 , 120000,"['Accounting', 'Gherkin', 'ERP systems', 'Business analysis', 'Scrum', ""Bachelor's degree""]"
Business Analyst,"Estimated: $86,000 - $120,000 a year",86000 , 120000,"['Analysis skills', 'Jira', 'Negotiation', 'Product management', 'Scrum', ""Bachelor's degree""]"
Business Analyst,"Estimated: $87,000 - $110,000 a year",87000 , 110000,"['Analysis skills', 'Customer service', 'Microsoft Excel', 'E-commerce', 'Sales', ""Bachelor's degree""]"
Financial Analyst,"Estimated: $87,000 - $120,000 a year",87000 , 120000,"['Accounting', 'Cognos', 'Microsoft Excel', 'Microsoft Powerpoint', 'Communication skills', ""Bachelor's degree""]"
Test Lead - Validation SME Lead,"Estimated: $87,000 - $120,000 a year",87000 , 120000,"['Project planning', 'Quality management', 'Negotiation', 'ERP systems', 'Business analysis', ""Bachelor's degree""]"
Financial Analyst,"Estimated: $88,000 - $110,000 a year",88000 , 110000,"['Microsoft Excel', 'Documentation review', 'Microsoft Powerpoint', 'Microsoft Office', 'Microsoft Word', ""Bachelor's degree"", ""Master's degree""]"
ERP Analyst,"Estimated: $89,000 - $120,000 a year",89000 , 120000,"['Project management', 'Microsoft Excel', 'ERP systems', 'Business analysis', 'Data collection', ""Bachelor's degree"", 'Bachelor of Arts']"
ERP Analyst,"Estimated: $89,000 - $120,000 a year",89000 , 120000,"['Accounting', 'Microsoft Excel', 'SAP', 'Systems analysis', 'Microsoft Powerpoint', ""Bachelor's degree""]"
Business Analyst,"Estimated: $89,000 - $130,000 a year",89000 , 130000,"['Power BI', 'Relational databases', 'Azure', 'SQL', 'ERP systems', ""Bachelor's degree""]"
Business Systems Analyst,"Estimated: $90,000 - $120,000 a year",90000 , 120000,"['Change management', 'Analysis skills', 'Manufacturing', 'SAP S/4HANA', 'SAP']"
Business Systems Analyst,"Estimated: $90,000 - $130,000 a year",90000 , 130000,"['Bank Secrecy Act', 'SQL', 'Microsoft Excel', 'ERP systems', 'Financial report writing', ""Bachelor's degree""]"
ERP Analyst,"Estimated: $91,000 - $120,000 a year",91000 , 120000,"['Accounting', 'Project implementation', 'Oracle', 'Process improvement', 'Purchasing']"
ERP Analyst,"Estimated: $91,000 - $120,000 a year",91000 , 120000,"['Sage', 'Relational databases', 'Manufacturing', 'ERP systems', 'Database design', 'Bachelor of Science', ""Bachelor's degree""]"
Business Analyst,"Estimated: $92,000 - $130,000 a year",92000 , 130000,"['Team management', ""Bachelor's degree""]"
Business Analyst,"Estimated: $93,000 - $120,000 a year",93000 , 120000,"['SQL', 'Microsoft Excel', 'ERP systems', 'Microsoft Powerpoint', 'Communication skills', 'Bachelor of Science', ""Bachelor's degree"", 'Master of Business Administration', ""Master's degree""]"
Business Analyst,"Estimated: $93,000 - $120,000 a year",93000 , 120000,"['SAP', 'E-commerce', 'ERP systems', 'Business analysis', 'Communication skills', ""Bachelor's degree"", ""Master's degree"", 'Master of Business Administration']"
Business Systems Analyst,"Estimated: $94,000 - $120,000 a year",94000 , 120000,"['Certified Information Systems Auditor', 'Microsoft Excel', 'SAP', 'Microsoft Powerpoint', 'Microsoft Outlook']"
Business Analyst,"Estimated: $94,000 - $130,000 a year",94000 , 130000,"['Creo', 'JD Edwards', 'ERP systems', 'SOX', 'ServiceNow', ""Bachelor's degree""]"
Solutions Engineer,"Estimated: $95,000 - $140,000 a year",95000 , 140000,"['Pre-sales', 'Operating systems', 'Business analysis', 'Leadership', 'Cloud infrastructure', 'Bachelor of Science', ""Bachelor's degree""]"
Business Analyst,"Estimated: $96,000 - $130,000 a year",96000 , 130000,"['Unit testing', 'IFRS', 'SAP S/4HANA', 'Workday', 'SAP', ""Bachelor's degree""]"
Business Systems Analyst,"Estimated: $97,000 - $120,000 a year",97000 , 120000,"['Power BI', 'Communication skills', 'Workday', 'Oracle']"
Business Systems Analyst,"Estimated: $97,000 - $130,000 a year",97000 , 130000,"['Certified Information Systems Auditor', 'WCF', 'SAP', 'ERP systems', 'Oracle']"
Financial Analyst,"Estimated: $97,000 - $140,000 a year",97000 , 140000,"['Accounting', 'Power BI', 'Microsoft Excel', 'ERP systems', 'Microsoft Powerpoint', ""Bachelor's degree""]"
Advisory Consultant,"Estimated: $98,000 - $130,000 a year",98000 , 130000,"['Analysis skills', 'Vendor management', 'Microsoft Excel', 'Business analysis', 'Microsoft Powerpoint', ""Bachelor's degree""]"
Business Analyst,"Estimated: $98,000 - $130,000 a year",98000 , 130000,"['Accounting', 'Analysis skills', 'Bank Secrecy Act', 'SQL', 'ERP systems', ""Bachelor's degree""]"
Decision Support Specialist - Finance Manager,"Estimated: $98,000 - $130,000 a year",98000 , 130000,"['Analysis skills', 'Cost accounting', 'Financial management', 'Fiscal management', 'Customer service', ""Bachelor's degree"", ""Master's degree""]"
Implementation Consultant,"Estimated: $98,000 - $130,000 a year",98000 , 130000,"['Project planning', 'Customer relationship management', 'Scrum', 'Financial services', 'Communication skills', ""Bachelor's degree"", 'Master of Business Administration', 'Doctoral degree', ""Master's degree"", 'Doctor of Philosophy']"
Business Process Analyst,"Estimated: $98,000 - $130,000 a year",98000 , 130000,"['Warehouse management', 'Customer service', 'Microsoft Excel', 'ERP systems', 'SAP ERP', ""Bachelor's degree""]"
Business Analyst,"Estimated: $98,000 - $140,000 a year",98000 , 140000,"['Writing skills', 'Unit testing', 'Analysis skills', 'Microsoft Excel', 'SAP', ""Bachelor's degree"", ""Master's degree""]"
Business Analyst,"Estimated: $99,000 - $140,000 a year",99000 , 140000,"['Writing skills', 'Accounting', 'JD Edwards', 'Construction', 'Business intelligence']"
