job title,skills,salary
"HOSE TECHNICIAN - Lafayette, LA",null,$16 - $20 an hour
Account Specialist,null,null
Material Handler,ERP systemsmissing qualification,null
Manufacturing Specialist,null,null
Quality Inspection Associate,null,null
Picker/Packer 3rd Shift $15.50 an hour,null,$15.50 - $16.00 an hour
Press Operator,null,$16.50 - $18.50 an hour
Database Administrator (Systems/Network Analyst 2),null,"$3,553 - $5,240 a month"
2nd Shift Assembler,Manufacturingmissing qualification,$16.50 - $17.25 an hour
Customer Relations Specialist,null,"$36,000 - $40,000 a year"
Workflow Controller (B2),null,null
"Operations (Aftermarket) Co-Op - Jackson, MS",null,null
Resource Coordinator,null,null
Stockroom/Purchasing Associate,null,$18.50 - $22.00 an hour
"HOSE TECHNICIAN - GEISMAR/BATON ROUGE, LA",null,$16 - $20 an hour
"SPECIALIST, CREDIT (FULL-TIME)",null,$25 an hour
Jr. Supply Chain Analyst,null,"$70,000 - $80,000 a year"
"Logistics Associate, Level 1",null,null
Financial Systems Accountant,null,"$54,000 a year"
Trailer Reviewer,null,null
Material Handler - 2nd shift,null,null
Supply Chain Coordinator,null,"$48,808 - $60,000 a year"
Supply Chain Operations Handler,ERP systemsmissing qualification,null
IT Security Administrator,null,null
Production Packer NIGHT SHIFT Sun thru Wed,Pricingmissing qualification,null
Assembler,Assemblymissing qualification,$17.70 an hour
Materials Operator,null,$15.50 - $18.00 an hour
1st Shift- Fabrication Tech 1 -Welder,null,$13 an hour
Junior Technician,null,$14 - $18 an hour
Project Coordinator,null,$20 - $25 an hour
"Entry Level IT Specialist, Applications 2022/2023",null,null
Turf Extrusion Tester - L,null,null
Help Desk Specialist,null,$21.66 an hour
Buyer,null,null
Assembly Coordinator,null,null
Hiring Now! 2nd Shift Group Leader - Assembler,Assemblymissing qualification,null
E-Commerce Web Developer,null,"$40,000 - $60,000 a year"
Turf Extrusion Tester - M,null,null
Oracle Business Analyst – Supply Chain,null,null
Extrusion Operator M,null,null
ERP Application Developer I,null,"$50,000 - $60,000 a year"
Materials Associate,null,$17 - $20 an hour
Software Application Engineer,null,null
Associate Java Developer,null,"$63,118 - $87,346 a year"
Turf Extrusion Test - K,null,null
ERP Applications Developer - Corporate IT (Kansas City),null,null
Full Stack Engineer,null,"$45,000 - $60,000 a year"
Net New Logo Sales Hunter,null,null
Performance Test Engineer,CompTIA Security+missing qualification,null
Hiring Now! 2nd Shift Group Leader - Assembler,Assemblymissing qualification,null
Material Handler - Forklift - Weekly Pay!,null,$19 an hour
Manufacturing Technician,Manufacturingmissing qualification,null
Manufacturing Engineer - Hanover,null,"$60,000 - $70,000 a year"
1st & 2nd Shift Receiving Specialist,null,$17 - $19 an hour
Advanced Customer Service Specialist,null,$20 - $24 an hour
Account Payable Specialist,null,$21.74 - $26.18 an hour
Technical Writer,null,$35.49 an hour
Supply Chain Assistant,null,$18 - $20 an hour
